author;location;citation
Huotari Simo, Pylkkänen Tuomas,...and Hämäläinen Keijo;European Synchrotron Radiation Facility, France;Huotari, S., Pylkkänen, T., & Verbeni, R. et al.(2011, jul). Direct tomography with chemical-bond contrast. Nat. Mater., 489--493, Retrieved from: http://dx.doi.org/10.1038/nmat3031
Lee Hwee Kuan, Uddin Mohammad Shorif,...and Ahmed Sohail;Imaging Informatics Division, Bioinformatics Institute, Singapore;Lee, H., Uddin, M., & Sankaran, S. et al.(2009). A field theoretical restoration method for images degraded by\nnon-uniform light attenuation : an application for light\nmicroscopy. 11294--11308, Retrieved from: http://www.ncbi.nlm.nih.gov/pubmed/19582043
Strnad Petr, Gunther Stefan,...and Ellenberg Jan;Cell Biology and Biophysics Unit, European Molecular Biology Laboratory, Heidelberg, Germany;Strnad, P., Gunther, S., & Reichmann, J. et al.(2016, feb). Inverted light-sheet microscope for imaging mouse\npre-implantation development. Nat. Methods, 139--142, Retrieved from: http://dx.doi.org/10.1038/nmeth.3690
Lavagnino Zeno, Zanacchi Francesca Cella,...and Diaspro Alberto;Department of Physics, University of Genoa, Italy;Lavagnino, Z., Zanacchi, F., & Ronzitti, E. et al.(2013). Two-photon excitation selective plane illumination microscopy\n({2PE-SPIM}) of highly scattering samples: characterization\nand application. Opt. Express, 5998--6008, Retrieved from: http://dx.doi.org/10.1364/OE.21.005998
Friedrich Mike, Nozadze Revaz,...and Harms Gregory S;Molecular Microscopy Group, Rudolf Virchow Center, University of Würzburg, Josef-Schneider-Str;Friedrich, M., Nozadze, R., & de Keijzer, S. et al.(2011). Detection of Single Quantum Dots in Model Systems with Sheet\nIllumination Microscopy. J. Fluoresc., Retrieved from: http://dx.doi.org/10.1007/s10895-011-0966-4
Schmid Benjamin, Huisken Jan;Max Planck Institute of Molecular Cell Biology and Genetics, Germany;Schmid, B., & Huisken, J.(2015). Real-time multi-view deconvolution. Bioinformatics, 3398--3400, 10.1093/bioinformatics/btv387. Retrieved from: http://dx.doi.org/10.1093/bioinformatics/btv387
Leischner Ulrich, Schierloh Anja,...and Dodt Hans-Ulrich;Max Planck Institute of Psychiatry, Munich, Germany;Leischner, U., Schierloh, A., & Zieglgänsberger, W. et al.(2010). Formalin-induced fluorescence reveals cell shape and\nmorphology in biological tissue samples. PLoS One, e10391, 10.1371/journal.pone.0010391. Retrieved from: http://dx.doi.org/10.1371/journal.pone.0010391
Taormina Michael J, Jemielita Matthew,...and Guillemin Karen;Department of Physics, University of Oregon, Eugene, USA;Taormina, M., Jemielita, M., & Stephens, W. et al.(2012, aug). Investigating bacterial-animal symbioses with light sheet\nmicroscopy. Biol. Bull., 7--20, Retrieved from: http://www.ncbi.nlm.nih.gov/pubmed/22983029
Pollmann Cathrin, Hägerling René, Kiefer Friedemann;Mammalian Cell Signaling Laboratory, MPI for Molecular Biomedicine, Münster, Germany;Pollmann, C., Hägerling, R., & Kiefer, F.(2014). Visualization of lymphatic vessel development, growth, and\nfunction. Adv. Anat. Embryol. Cell Biol., 167--186, Retrieved from: http://dx.doi.org/10.1007/978-3-7091-1646-3_13
Ritter Jörg G, Spille Jan-Hendrik,...and Kubitscheck Ulrich;Institute of Physical and Theoretical Chemistry, Rheinische Friedrich-Wilhelms Universität Bonn, Germany;Ritter, J., Spille, J., & Kaminski, T. et al.(2010). A cylindrical zoom lens unit for adjustable optical sectioning\nin light sheet microscopy. Biomed. Opt. Express, 185--193, 10.1364/BOE.2.000185. Retrieved from: http://dx.doi.org/10.1364/BOE.2.000185
Palayret Matthieu, Armes Helen,...and Lee Steven F;Department of Chemistry, University of Cambridge, Lensfield Road, Cambridge, United Kingdom;Palayret, M., Armes, H., & Basu, S. et al.(2015). PLoS One, e0125438, 10.1371/journal.pone.0125438. Retrieved from: http://dx.doi.org/10.1371/journal.pone.0125438
Silvestri Ludovico, Allegra Mascaro Anna Letizia,...and Pavone Francesco Saverio;European Laboratory for Non-Linear Spectroscopy, University of Florence, Italy;Silvestri, L., Allegra Mascaro, A., & Costantini, I. et al.(2014). Correlative two-photon and light sheet microscopy. Methods, 268--272, Retrieved from: http://dx.doi.org/10.1016/j.ymeth.2013.06.013
Reynaud Emmanuel G, Tomancak Pavel;School of Biology & Environmental Science, University College Dublin, Ireland;Reynaud, E., & Tomancak, P.(2010, aug). Meeting report: first light sheet based fluorescence\nmicroscopy workshop. Biotechnol. J., 798--804, Retrieved from: http://dx.doi.org/10.1002/biot.201000177
Baumgart Eugen, Kubitscheck Ulrich;Institute of Physical and Theoretical Chemistry, Rheinische Friedrich-Wilhelms-University Bonn, Germany;Baumgart, E., & Kubitscheck, U.(2012). Scanned light sheet microscopy with confocal slit detection. Opt. Express, 21805--21814, Retrieved from: http://dx.doi.org/10.1364/OE.20.021805
Rauzi Matteo, Krzic Uros,...and Leptin Maria;European Molecular Biology Laboratory Heidelberg, Germany;Rauzi, M., Krzic, U., & Saunders, T. et al.(2015). Embryo-scale tissue mechanics during Drosophila gastrulation\nmovements. Nat. Commun., 8677, Retrieved from: http://dx.doi.org/10.1038/ncomms9677
de Medeiros Gustavo, Norlin Nils,...and Hufnagel Lars;European Molecular Biology Laboratory, Cell Biology and Biophysics Unit, Heidelberg, Germany;de Medeiros, G., Norlin, N., & Gunther, S. et al.(2015). Confocal multiview light-sheet microscopy. Nat. Commun., 8881, 10.1038/ncomms9881. Retrieved from: http://dx.doi.org/10.1038/ncomms9881
Sena Giovanni, Frentz Zak,...and Leibler Stanislas;Department of Biology, Center for Genomics and Systems Biology, New York University, New York, New York, United States of America;Sena, G., Frentz, Z., & Birnbaum, K. et al.(2011). Quantitation of cellular dynamics in growing Arabidopsis roots\nwith light sheet microscopy. PLoS One, e21303, 10.1371/journal.pone.0021303. Retrieved from: http://dx.doi.org/10.1371/journal.pone.0021303
Keller Philipp J, Dodt Hans-Ulrich;Janelia Farm Research Campus, Howard Hughes Medical Institute, Ashburn, USA;Keller, P., & Dodt, H.(2012, feb). Light sheet microscopy of living or cleared specimens. Curr. Opin. Neurobiol., 138--143, Retrieved from: http://dx.doi.org/10.1016/j.conb.2011.08.003
Huisken Jan, Swoger Jim,...and Stelzer Ernst H K;European Molecular Biology Laboratory (EMBL), Germany;Huisken, J., Swoger, J., & Del Bene, F. et al.(2004). Optical sectioning deep inside live embryos by selective plane\nillumination microscopy. Science, 1007--1009, Retrieved from: http://dx.doi.org/10.1126/science.1100035
Dean Kevin M, Roudot Philippe,...and Fiolka Reto;Department of Cell Biology, University of Texas Southwestern Medical Center, Dallas, Texas;Dean, K., Roudot, P., & Welf, E. et al.(2015). Deconvolution-free Subcellular Imaging with Axially Swept\nLight Sheet Microscopy. Biophys. J., 2807--2815, 10.1016/j.bpj.2015.05.013. Retrieved from: http://dx.doi.org/10.1016/j.bpj.2015.05.013
Bagnat Michel, Navis Adam,...and Stainier Didier Y R;Department of Cell Biology, Duke University School of Medicine, Durham, USA;Bagnat, M., Navis, A., & Herbstreith, S. et al.(2010). Cse1l is a negative regulator of {CFTR-dependent} fluid\nsecretion. Curr. Biol., 1840--1845, 10.1016/j.cub.2010.09.012. Retrieved from: http://dx.doi.org/10.1016/j.cub.2010.09.012
Wang Hao;Department of Botany, College of Life Sciences, South China Agricultural University, China;Wang, H.(2016). Visualizing Plant Cells in a Brand New Way. Mol. Plant, 633--635, Retrieved from: http://dx.doi.org/10.1016/j.molp.2016.02.006
Royer Loic A, Weigert Martin,...and Myers Eugene W; Dresden, Germany;Royer, L., Weigert, M., & Günther, U. et al.(2015, jun). {ClearVolume}: open-source live {3D} visualization for\nlight-sheet microscopy. Nat. Methods, 480--481, Retrieved from: http://dx.doi.org/10.1038/nmeth.3372
Kalchmair Stefan, Jährling Nina,...and Dodt Hans-Ulrich;Vienna University of Technology, Institute of Solid State Electronics, Department of Bioelectronics, Austria;Kalchmair, S., Jährling, N., & Becker, K. et al.(2010). Image contrast enhancement in confocal ultramicroscopy. Opt. Lett., 79--81, Retrieved from: http://dx.doi.org/10.1364/OL.35.000079
Buytaert Jan A N, Descamps Emilie,...and Dirckx Joris J J;Laboratory of Biomedical Physics, University of Antwerp, Belgium;Buytaert, J., Descamps, E., & Adriaens, D. et al.(2012). The {OPFOS} Microscopy Family: {High-Resolution} Optical\nSectioning of Biomedical Specimens. Anat. Res. Int., 206238, 10.1155/2012/206238. Retrieved from: http://dx.doi.org/10.1155/2012/206238
Li Yu, Hu Ying, Cang Hu;Waitt Advanced Biophotonics Center, Salk Institute for Biological Studies, La Jolla, United States;Li, Y., Hu, Y., & Cang, H.(2013). Light sheet microscopy for tracking single molecules on the\napical surface of living cells. J. Phys. Chem. B, 15503--15511, Retrieved from: http://dx.doi.org/10.1021/jp405380g
Bruns Thomas, Schickinger Sarah, Schneckenburger Herbert;Institute of Applied Research, Aalen University;Bruns, T., Schickinger, S., & Schneckenburger, H.(2014). Single plane illumination module and micro-capillary approach\nfor a wide-field microscope. J. Vis. Exp., e51993, Retrieved from: http://dx.doi.org/10.3791/51993
Niedworok Christian J, Schwarz Inna,...and Schwarz Martin K;Department of Molecular Neuroscience, Max Planck Institute for Medical Research, Germany;Niedworok, C., Schwarz, I., & Ledderose, J. et al.(2012). Charting monosynaptic connectivity maps by two-color\nlight-sheet fluorescence microscopy. Cell Rep., 1375--1386, Retrieved from: http://dx.doi.org/10.1016/j.celrep.2012.10.008
Weber Michael, Huisken Jan;Max Planck Institute of Molecular Cell Biology and Genetics (MPI-CBG), Dresden, Germany;Weber, M., & Huisken, J.(2015). In vivo imaging of cardiac development and function in\nzebrafish using light sheet microscopy. Swiss Med. Wkly, w14227, Retrieved from: http://dx.doi.org/10.4414/smw.2015.14227
Spille Jan-Hendrik, Kaminski Tim,...and Kubitscheck Ulrich;Institute of Physical and Theoretical Chemistry, Rheinische Friedrich-Wilhelms Universität Bonn, Germany;Spille, J., Kaminski, T., & Königshoven, H. et al.(2012). Dynamic three-dimensional tracking of single fluorescent\nnanoparticles deep inside living tissue. Opt. Express, 19697--19707, Retrieved from: http://dx.doi.org/10.1364/OE.20.019697
Rühland Svenja,...and Harz Hartmann;Ludwig-Maximilians-University Munich, Medizinische Klinik und Poliklinik IV, GermanybLudwig-Maximilians-University Munich, Department of Biology II, Germany;Rühland, S., Wechselberger, A., & Spitzweg, C. et al.(2015, apr). Quantification of in vitro mesenchymal stem cell invasion into\ntumor spheroids using selective plane illumination microscopy. J. Biomed. Opt., 040501, Retrieved from: http://dx.doi.org/10.1117/1.JBO.20.4.040501
Bosse Jens B, Hogue Ian B,...and Enquist Lynn W;Department of Molecular Biology, Princeton University, Princeton;Bosse, J., Hogue, I., & Feric, M. et al.(2015). Remodeling nuclear architecture allows efficient transport of\nherpesvirus capsids by diffusion. Proc. Natl. Acad. Sci. U. S. A., E5725--33, 10.1073/pnas.1513876112. Retrieved from: http://dx.doi.org/10.1073/pnas.1513876112
Guan Zeyi, Lee Juhyun,...and Fei Peng;Mechanical and Aerospace Engineering, University of California, Los Angeles, Los Angeles, USA;Guan, Z., Lee, J., & Jiang, H. et al.(2016). Compact plane illumination plugin device to enable light sheet\nfluorescence imaging of multi-cellular organisms on an\ninverted wide-field microscope. Biomed. Opt. Express, 194--208, 10.1364/BOE.7.000194. Retrieved from: http://dx.doi.org/10.1364/BOE.7.000194
Keller Philipp J, Pampaloni Francesco, Stelzer Ernst Hk;EMBL Heidelberg, Cell Biology and Biophysics Unit, Germany;Keller, P., Pampaloni, F., & Stelzer, E.(2006, feb). Life sciences require the third dimension. Curr. Opin. Cell Biol., 117--124, Retrieved from: http://dx.doi.org/10.1016/j.ceb.2005.12.012
Ebeling Carl G, Jorgensen Erik M;Department of Biology, Howard Hughes Medical Institute, University of Utah, Salt Lake City, Utah, USA, and the Department of Physics, University of Utah, Salt Lake City, Utah, USA;Ebeling, C., & Jorgensen, E.(2013, nov). Two views on light sheets. Nat. Biotechnol., 992--993, Retrieved from: http://dx.doi.org/10.1038/nbt.2739
Yang Zhengyi, Haslehurst Peter,...and Dholakia Kishan;SUPA, School of Physics &Astronomy, University of St Andrews, St Andrews, United Kingdom;Yang, Z., Haslehurst, P., & Scott, S. et al.(2016). A compact light-sheet microscope for the study of the\nmammalian central nervous system. Sci. Rep., 26317, Retrieved from: http://dx.doi.org/10.1038/srep26317
Fahrbach Florian O, Gurchenkov Vasily,...ander;Laboratory for Bio- and Nano-Photonics, Department of Microsystems Engineering,University of Freiburg, Freiburg, Germany;Fahrbach, F., Gurchenkov, V., & Alessandri, K. et al.(2013). Light-sheet microscopy in thick media using scanned Bessel\nbeams and two-photon fluorescence excitation. Opt. Express, 13824--13839, Retrieved from: http://dx.doi.org/10.1364/OE.21.013824
Huisken Jan, Stainier Didier Y R;Department of Biochemistry and Biophysics, University of California San Francisco, San Francisco, USA;Huisken, J., & Stainier, D.(2007). Even fluorescence excitation by multidirectional selective\nplane illumination microscopy ({mSPIM}). Opt. Lett., 2608--2610, Retrieved from: http://www.ncbi.nlm.nih.gov/pubmed/17767321
Ingaramo Maria, York Andrew G,...and Patterson George H;Section on Biophotonics, National Institute of Biomedical Imaging and Bioengineering, National Institutes of Health, Bethesda;Ingaramo, M., York, A., & Hoogendoorn, E. et al.(2014). {Richardson-Lucy} deconvolution as a general tool for\ncombining images with complementary strengths. Chemphyschem, 794--800, 10.1002/cphc.201300831. Retrieved from: http://dx.doi.org/10.1002/cphc.201300831
Mertz Jerome;Department of Biomedical Engineering, Boston University, Boston, Massachusetts, USA;Mertz, J.(2011). Optical sectioning microscopy with planar or structured\nillumination. Nat. Methods, 811--819, Retrieved from: http://dx.doi.org/10.1038/nmeth.1709
Slattery Rebecca A, Grennan Aleel K,...and Ort Donald R;Department of Plant Biology, University of Illinois at Urbana-Champaign, Urbana, USA Carl R;Slattery, R., Grennan, A., & Sivaguru, M. et al.(2016). Light sheet microscopy reveals more gradual light attenuation\nin light-green versus dark-green soybean leaves. J. Exp. Bot., Retrieved from: http://dx.doi.org/10.1093/jxb/erw246
Friedrich Mike, Harms Gregory S;University of Würzburg, Rudolf Virchow Center, Microscopy Group, Bio-Imaging Center, Josef-Schneider-Str;Friedrich, M., & Harms, G.(2015, oct). Axial resolution beyond the diffraction limit of a sheet\nillumination microscope with stimulated emission depletion. J. Biomed. Opt., 106006, Retrieved from: http://dx.doi.org/10.1117/1.JBO.20.10.106006
Kumar Sunil, Wilding Dean,...and Dunsby Chris;Photonics Group, Department of Physics, Blackett Laboratory, South Kensington Campus, Imperial College London, UK;Kumar, S., Wilding, D., & Sikkel, M. et al.(2011). High-speed {2D} and {3D} fluorescence microscopy of cardiac\nmyocytes. Opt. Express, 13839--13847, Retrieved from: http://dx.doi.org/10.1364/OE.19.013839
Zhao Teng, Lau Sze Cheung,...and Loy M M T;Department of Physics, The Hong Kong University of Science and Technology, Clear Water Bay, Kowloon, Hong Kong, China;Zhao, T., Lau, S., & Wang, Y. et al.(2016). Multicolor {4D} Fluorescence Microscopy using Ultrathin Bessel\nLight Sheets. Sci. Rep., 26159, Retrieved from: http://dx.doi.org/10.1038/srep26159
Mertz Jerome, Kim Jinhyun;Boston University, Department of Biomedical Engineering, Boston, USA;Mertz, J., & Kim, J.(2010, jan). Scanning light-sheet microscopy in the whole mouse brain with\n{HiLo} background rejection. J. Biomed. Opt., 016027, 10.1117/1.3324890. Retrieved from: http://dx.doi.org/10.1117/1.3324890
Wohland Thorsten,...and Stelzer Ernst H K;Department of Chemistry, National University of Singapore, Singapore;Wohland, T., Shi, X., & Sankaran, J. et al.(2010). Single plane illumination fluorescence correlation\nspectroscopy ({SPIM-FCS}) probes inhomogeneous\nthree-dimensional environments. Opt. Express, 10627--10641, Retrieved from: http://dx.doi.org/10.1364/OE.18.010627
Breuninger Tobias, Greger Klaus, Stelzer Ernst H K;Cell Biology and Biophysics Unit, European Molecular Biology Laboratory, Germany;Breuninger, T., Greger, K., & Stelzer, E.(2007). Lateral modulation boosts image quality in single plane\nillumination fluorescence microscopy. Opt. Lett., 1938--1940, Retrieved from: http://www.ncbi.nlm.nih.gov/pubmed/17603620
Turaga Diwakar, Holy Timothy E;Department of Anatomy and Neurobiology, Washington University School of Medicine, St;Turaga, D., & Holy, T.(2010). Image-based calibration of a deformable mirror in wide-field\nmicroscopy. Appl. Opt., 2030--2040, 10.1364/AO.49.002030. Retrieved from: http://dx.doi.org/10.1364/AO.49.002030
Krzic Uros, Gunther Stefan,...and Hufnagel Lars;Cell Biology and Biophysics Unit, European Molecular Biology Laboratory, Heidelberg, Germany;Krzic, U., Gunther, S., & Saunders, T. et al.(2012, jul). Multiview light-sheet microscope for rapid in toto imaging. Nat. Methods, 730--733, Retrieved from: http://dx.doi.org/10.1038/nmeth.2064
de Luis Balaguer Maria Angels, Ramos-Pezzotti Marina,...and Sozzani Rosangela;Plant and Microbial Biology Department, North Carolina State University, Raleigh, USA;de Luis Balaguer, M., Ramos-Pezzotti, M., & Rahhal, M. et al.(2016). Multi-sample Arabidopsis Growth and Imaging Chamber ({MAGIC})\nfor long term imaging in the {ZEISS} Lightsheet Z.1. Dev. Biol., Retrieved from: http://dx.doi.org/10.1016/j.ydbio.2016.05.029
Tokunaga Makio, Imamoto Naoko, Sakata-Sogawa Kumiko;Biological Macromolecules Laboratory, National Institute of Genetics, Mishima, Japan;Tokunaga, M., Imamoto, N., & Sakata-Sogawa, K.(2008, feb). Highly inclined thin illumination enables clear\nsingle-molecule imaging in cells. Nat. Methods, 159--161, Retrieved from: http://dx.doi.org/10.1038/nmeth1171
Keller Philipp J, Pampaloni Francesco, Stelzer Ernst H K;Cell Biology and Biophysics Unit, European Molecular Biology Laboratory (EMBL), Germany;Keller, P., Pampaloni, F., & Stelzer, E.(2007, oct). Three-dimensional preparation and imaging reveal intrinsic\nmicrotubule properties. Nat. Methods, 843--846, Retrieved from: http://dx.doi.org/10.1038/nmeth1087
Brede Christian, Friedrich Mike,...and Beilhack Andreas;Department of Medicine II, Würzburg University Hospital, Würzburg, Germany;Brede, C., Friedrich, M., & Jord\'{a}n-Garrote, A. et al.(2012, dec). Mapping immune processes in intact tissues at cellular\nresolution. J. Clin. Invest., 4439--4446, 10.1172/JCI65100. Retrieved from: http://dx.doi.org/10.1172/JCI65100
Bruns T, Schickinger S, Schneckenburger H;Aalen University, Institute of Applied Research, Beethovenstr;Bruns, T., Schickinger, S., & Schneckenburger, H.(2015, oct). Sample holder for axial rotation of specimens in {3D}\nmicroscopy. J. Microsc., 30--36, Retrieved from: http://dx.doi.org/10.1111/jmi.12263
Jemielita Matthew, Taormina Michael J,...and Parthasarathy Raghuveer;Department of Physics, University of Oregon, Eugene, Oregon, USA;Jemielita, M., Taormina, M., & Burns, A. et al.(2014). Spatial and temporal features of the growth of a bacterial\nspecies colonizing the zebrafish gut. MBio, 10.1128/mBio.01751-14. Retrieved from: http://dx.doi.org/10.1128/mBio.01751-14
Dobosz Michael, Ntziachristos Vasilis,...and Strobel Steffen;Discovery Oncology, Pharma Research and Early Development (pRED), Roche Diagnostics GmbH, Penzberg, Germany ;Dobosz, M., Ntziachristos, V., & Scheuer, W. et al.(2014, jan). Multispectral fluorescence ultramicroscopy: three-dimensional\nvisualization and automatic quantification of tumor\nmorphology, drug penetration, and antiangiogenic treatment\nresponse. Neoplasia, 1--13, 10.1593/neo.131848. Retrieved from: http://www.ncbi.nlm.nih.gov/pubmed/24563615
Scherz Paul J, Huisken Jan,...and Stainier Didier Y R;Department of Biochemistry and Biophysics, Cardiovascular Research Institute, University of California, San Francisco, San Francisco, USA;Scherz, P., Huisken, J., & Sahai-Hernandez, P. et al.(2008, mar). High-speed imaging of developing heart valves reveals\ninterplay of morphogenesis and function. Development, 1179--1187, Retrieved from: http://dx.doi.org/10.1242/dev.010694
Keller Philipp J, Pampaloni Francesco,...and Stelzer Ernst H K;Cell Biology and Biophysics Unit, European Molecular Biology Laboratory, Heidelberg, Germany;Keller, P., Pampaloni, F., & Lattanzi, G. et al.(2008, aug). Three-dimensional microtubule behavior in Xenopus egg extracts\nreveals four dynamic states and state-dependent elastic\nproperties. Biophys. J., 1474--1486, 10.1529/biophysj.107.128223. Retrieved from: http://dx.doi.org/10.1529/biophysj.107.128223
Rieckher Matthias;Institute for Genome Stability in Ageing and Disease, Cologne Cluster of Excellence in Cellular Stress Responses in Aging-associated Diseases (CECAD), University of Cologne, Cologne, Germany;Rieckher, M.(2016). Light Sheet Microscopy to Measure Protein Dynamics. J. Cell. Physiol., Retrieved from: http://dx.doi.org/10.1002/jcp.25451
Saghafi Saiedeh, Becker Klaus,...and Dodt Hans-Ulrich;Vienna University of Technology, Dept;Saghafi, S., Becker, K., & Hahn, C. et al.(2014, jan). 3D-ultramicroscopy utilizing aspheric optics. J. Biophotonics, 117--125, Retrieved from: http://dx.doi.org/10.1002/jbio.201300048
Takao Daisuke, Taniguchi Atsushi,...and Nonaka Shigenori;Laboratory for Spatiotemporal Regulations, National Institute for Basic Biology, Okazaki, Aichi, Japan;Takao, D., Taniguchi, A., & Takeda, T. et al.(2012). High-speed imaging of amoeboid movements using light-sheet\nmicroscopy. PLoS One, e50846, 10.1371/journal.pone.0050846. Retrieved from: http://dx.doi.org/10.1371/journal.pone.0050846
Höckendorf Burkhard, Thumberger Thomas, Wittbrodt Joachim;Centre for Organismal Studies, Heidelberg University, Germany;Höckendorf, B., Thumberger, T., & Wittbrodt, J.(2012). Quantitative analysis of embryogenesis: a perspective for\nlight sheet microscopy. Dev. Cell, 1111--1120, Retrieved from: http://dx.doi.org/10.1016/j.devcel.2012.10.008
Chmielewski Aleksander K,...and Kaminski Clemens F; University of Cambridge, Pembroke Street, Cambridge, Development and Neuroscience, University of Cambridge, Downing Street, Cambridge, UK;Chmielewski, A., Kyrsting, A., & Mahou, P. et al.(2015). Fast imaging of live organisms with sculpted light sheets. Sci. Rep., 9385, 10.1038/srep09385. Retrieved from: http://dx.doi.org/10.1038/srep09385
Hofman R, Segenhout J M, Wit H P;Department of Otorhinolaryngology, University Medical Center Groningen, P;Hofman, R., Segenhout, J., & Wit, H.(2009, feb). Three-dimensional reconstruction of the guinea pig inner ear, comparison of {OPFOS} and light microscopy, applications of\n{3D} reconstruction. J. Microsc., 251--257, Retrieved from: http://dx.doi.org/10.1111/j.1365-2818.2009.03115.x
Buytaert Jan A N, Dirckx Joris J J;Laboratory of BioMedical Physics, University of Antwerp, Belgium;Buytaert, J., & Dirckx, J.(2009). Tomographic imaging of macroscopic biomedical objects in high\nresolution and three dimensions using orthogonal-plane\nfluorescence optical sectioning. Appl. Opt., 941--948, Retrieved from: http://www.ncbi.nlm.nih.gov/pubmed/19209207
Park Ok Kyu, Kwak Jina,...and Kee Yun;Korea Basic Science Institute Chuncheon Center, Korea;Park, O., Kwak, J., & Jung, Y. et al.(2015). {3D} {Light-Sheet} Fluorescence Microscopy of Cranial Neurons\nand Vasculature during Zebrafish Embryogenesis. Mol. Cells, 975--981, 10.14348/molcells.2015.0160. Retrieved from: http://dx.doi.org/10.14348/molcells.2015.0160
Maruyama Atsushi, Oshima Yusuke,...and Naruse Kiyoshi;Laboratory for Spatiotemporal Regulations, National Institute for Basic Biology, Myodaijicho, Okazaki, Aichi, Japan ;Maruyama, A., Oshima, Y., & Kajiura-Kobayashi, H. et al.(2014). Wide field intravital imaging by two-photon-excitation\ndigital-scanned light-sheet microscopy ({2p-DSLM}) with a\nhigh-pulse energy laser. Biomed. Opt. Express, 3311--3325, 10.1364/BOE.5.003311. Retrieved from: http://dx.doi.org/10.1364/BOE.5.003311
Preibisch Stephan, Amat Fernand...and Tomancak Pavel; Dresden, Germany;Preibisch, S., Amat, F., & Stamataki, E. et al.(2014, jun). Efficient Bayesian-based multiview deconvolution. Nat. Methods, 645--648, 10.1038/nmeth.2929. Retrieved from: http://dx.doi.org/10.1038/nmeth.2929
Lenard Anna, Daetwyler Stephan,...and Affolter Markus;Biozentrum der Universität Basel, Basel, Switzerland;Lenard, A., Daetwyler, S., & Betz, C. et al.(2015, apr). Endothelial cell self-fusion during vascular pruning. PLoS Biol., e1002126, 10.1371/journal.pbio.1002126. Retrieved from: http://dx.doi.org/10.1371/journal.pbio.1002126
Engelbrecht Christoph J, Greger Klaus,...and Stelzer Ernst H;EMBL Heidelberg, Light Microscopy Group, Cell Biology and Biophysics Unit, Germany;Engelbrecht, C., Greger, K., & Reynaud, E. et al.(2007). Three-dimensional laser microsurgery in light-sheet based\nmicroscopy ({SPIM}). Opt. Express, 6420--6430, Retrieved from: http://www.ncbi.nlm.nih.gov/pubmed/19546948
Weber Michael, Huisken Jan;Max Planck Institute of Molecular Cell Biology and Genetics, Pfotenhauerstr;Weber, M., & Huisken, J.(2011, oct). Light sheet microscopy for real-time developmental biology. Curr. Opin. Genet. Dev., 566--572, Retrieved from: http://dx.doi.org/10.1016/j.gde.2011.09.009
Swoger Jim, Huisken Jan, Stelzer Ernst H K;Cell Biology and Biophysics Programme, European Molecular Biology Laboratory, Germany;Swoger, J., Huisken, J., & Stelzer, E.(2003). Multiple imaging axis microscopy improves resolution for\nthick-sample applications. 1654--1656, Retrieved from: http://www.ncbi.nlm.nih.gov/pubmed/13677526
Greiss Ferdinand,...and Braun Dieter;System Biophysics, Department of Physics, Ludwig Maximilians University, Munich, Germany;Greiss, F., Deligiannaki, M., & Jung, C. et al.(2016). {Single-Molecule} Imaging in Living Drosophila Embryos with\nReflected {Light-Sheet} Microscopy. Biophys. J., 939--946, Retrieved from: http://dx.doi.org/10.1016/j.bpj.2015.12.035
Pampaloni Francesco, Chang Bo-Jui, Stelzer Ernst H K; IZN), Buchmann Institute for Molecular Life Sciences (BMLS, CEF-MC), Goethe Universität Frankfurt am Main (Campus Riedberg), Frankfurt am Main, Germany, francesco;Pampaloni, F., Chang, B., & Stelzer, E.(2015, apr). Light sheet-based fluorescence microscopy ({LSFM}) for the\nquantitative imaging of cells and tissues. Cell Tissue Res., 129--141, Retrieved from: http://dx.doi.org/10.1007/s00441-015-2144-5
Wilding Dean, Pozzi Paolo,...and Verhaegen Michel;Centre for Plant Integrative Biology, University of Nottingham, United Kingdom;Wilding, D., Pozzi, P., & Soloviev, O. et al.(2013). Lateral root morphogenesis is dependent on the mechanical\nproperties of the overlaying tissues. Proc. Natl. Acad. Sci. U. S. A., 5229--5234, 10.1073/pnas.1210807110. Retrieved from: http://dx.doi.org/10.1073/pnas.1210807110
Amat Fernando,...and Keller Philipp J;Howard Hughes Medical Institute, Janelia Farm Research Campus, Ashburn, Virginia, USA;Amat, F., Lemon, W., & Mossing, D. et al.(2014, sep). Fast, accurate reconstruction of cell lineages from\nlarge-scale fluorescence microscopy data. Nat. Methods, 951--958, Retrieved from: http://dx.doi.org/10.1038/nmeth.3036
Vermeer Joop E M, von Wangenheim Daniel,...and Geldner Niko;Department of Plant Molecular Biology, Biophore, UNIL-Sorge, University of Lausanne, Switzerland;Vermeer, J., von Wangenheim, D., & Barberon, M. et al.(2014). A spatial accommodation by neighboring cells is required for\norgan initiation in Arabidopsis. Science, 178--183, Retrieved from: http://dx.doi.org/10.1126/science.1245871
Turaga Diwakar, Holy Timothy E;Department of Anatomy and Neurobiology, Washington University in St;Turaga, D., & Holy, T.(2008). Miniaturization and defocus correction for objective-coupled\nplanar illumination microscopy. Opt. Lett., 2302--2304, Retrieved from: http://www.ncbi.nlm.nih.gov/pubmed/18923603
Ichikawa Takehiko, Nakazato Kenichi,...and Nonaka Shigenori;Laboratory for Spatiotemporal Regulations, National Institute for Basic Biology, Okazaki Aichi, Japan;Ichikawa, T., Nakazato, K., & Keller, P. et al.(2014, mar). Live imaging and quantitative analysis of gastrulation in\nmouse embryos using light-sheet microscopy and {3D} tracking\ntools. Nat. Protoc., 575--585, Retrieved from: http://dx.doi.org/10.1038/nprot.2014.035
Herzog Wiebke, Müller Katja,...and Stainier Didier Y R;Department of Biochemistry and Biophysics and the Cardiovascular Research Institute, Programs in Developmental Biology, Genetics, and Human Genetics, University of California, San Francisco, San Francisco, USA;Herzog, W., Müller, K., & Huisken, J. et al.(2009). Genetic evidence for a noncanonical function of {seryl-tRNA}\nsynthetase in vascular development. Circ. Res., 1260--1266, 10.1161/CIRCRESAHA.108.191718. Retrieved from: http://dx.doi.org/10.1161/CIRCRESAHA.108.191718
Saghafi Saiedeh, Becker Klaus,...and Dodt Hans-Ulrich;Vienna University of Technology, FKE, Dept;Saghafi, S., Becker, K., & Jährling, N. et al.(2010, oct). Image enhancement in ultramicroscopy by improved laser light\nsheets. J. Biophotonics, 686--695, Retrieved from: http://dx.doi.org/10.1002/jbio.201000047
Greger Klaus, Neetz Manuel J,...and Stelzer Ernst H K;Cell Biology and Biophysics Unit (CBBU), EMBL, Germany;Greger, K., Neetz, M., & Reynaud, E. et al.(2011). Three-dimensional Fluorescence Lifetime Imaging with a Single\nPlane Illumination Microscope provides an improved signal to\nnoise ratio. Opt. Express, 20743--20750, Retrieved from: http://dx.doi.org/10.1364/OE.19.020743
Tomer Raju, Khairy Khaled, Keller Philipp J;Janelia Farm Research Campus, Howard Hughes Medical Institute, Ashburn, VA, USA;Tomer, R., Khairy, K., & Keller, P.(2013). Light sheet microscopy in cell biology. Methods Mol. Biol., 123--137, Retrieved from: http://dx.doi.org/10.1007/978-1-62703-056-4_7
Keller Philipp J, Ahrens Misha B;Howard Hughes Medical Institute, Janelia Research Campus, Ashburn, USA;Keller, P., & Ahrens, M.(2015). Visualizing whole-brain activity and development at the\nsingle-cell level using light-sheet microscopy. Neuron, 462--483, Retrieved from: http://dx.doi.org/10.1016/j.neuron.2014.12.039
Ermolayev Vladimir, Friedrich Mike,...and Flechsig Eckhard;Institute of Virology and Immunobiology, University of Würzburg, Würzburg, Germany;Ermolayev, V., Friedrich, M., & Nozadze, R. et al.(2009). Ultramicroscopy reveals axonal transport impairments in\ncortical motor neurons at prion disease. Biophys. J., 3390--3398, 10.1016/j.bpj.2009.01.032. Retrieved from: http://dx.doi.org/10.1016/j.bpj.2009.01.032
Weber Michael, Mickoleit Michaela, Huisken Jan;Max Planck Institute of Molecular Cell Biology and Genetics (MPI-CBG), Dresden, Germany;Weber, M., Mickoleit, M., & Huisken, J.(2014). Light sheet microscopy. Methods Cell Biol., 193--215, Retrieved from: http://dx.doi.org/10.1016/B978-0-12-420138-5.00011-2
Huber D, Keller M, Robert D;Institute of Cell Biology and Morphology, University of Lausanne, Switzerland;Huber, D., Keller, M., & Robert, D.(2001, aug). {3D} light scanning macrography. J. Microsc., 208--213, Retrieved from: http://www.ncbi.nlm.nih.gov/pubmed/11489078
Stelzer Ernst H K;Buchmann Institute for Molecular Life Sciences, IZN), Goethe Universität Frankfurt am Main, Frankfurt am Main, Germany;Stelzer, E.(2015, jan). Light-sheet fluorescence microscopy for quantitative biology. Nat. Methods, 23--26, Retrieved from: http://dx.doi.org/10.1038/nmeth.3219
Udan Ryan S, Piazza Victor G,...and Dickinson Mary E;Department of Molecular Physiology and Biophysics, Baylor College of Medicine, Houston, USA;Udan, R., Piazza, V., & Hsu, C. et al.(2014, nov). Quantitative imaging of cell dynamics in mouse embryos using\nlight-sheet microscopy. Development, 4406--4414, 10.1242/dev.111021. Retrieved from: http://dx.doi.org/10.1242/dev.111021
Kobitski Andrei Y, Otte Jens C,...and Nienhaus G Ulrich; Karlsruhe Institute of Technology, Wolfgang-Gaede-Str;Kobitski, A., Otte, J., & Takamiya, M. et al.(2015). An ensemble-averaged, cell density-based digital model of\nzebrafish embryo development derived from light-sheet\nmicroscopy data with single-cell resolution. Sci. Rep., 8601, Retrieved from: http://dx.doi.org/10.1038/srep08601
Jährling Nina, Becker Klaus, Dodt Hans-Ulrich;Vienna University of Technology;Jährling, N., Becker, K., & Dodt, H.(2009, oct). 3D-reconstruction of blood vessels by ultramicroscopy. Organogenesis, 227--230, Retrieved from: http://www.ncbi.nlm.nih.gov/pubmed/20539742
von Wangenheim Daniel, Fangerau Jens,...and Maizel Alexis;Buchmann Institute for Molecular Life Sciences, Goethe Universität Frankfurt am Main, Germany;von Wangenheim, D., Fangerau, J., & Schmitz, A. et al.(2016). Rules and {Self-Organizing} Properties of Post-embryonic Plant\nOrgan Cell Division Patterns. Curr. Biol., 439--449, Retrieved from: http://dx.doi.org/10.1016/j.cub.2015.12.047
Costa Alex, Cand...and Bassi Andrea;Dipartimento di Bioscienze, Università degli studi di Milano, Milano, Italy;Costa, A., Candeo, A., & Fieramonti, L. et al.(2013). Calcium dynamics in root cells of Arabidopsis thaliana\nvisualized with selective plane illumination microscopy. PLoS One, e75646, 10.1371/journal.pone.0075646. Retrieved from: http://dx.doi.org/10.1371/journal.pone.0075646
Konopka Catherine A, Bednarek Sebastian Y;Program in Cell and Molecular Biology and Department of Biochemistry, University of Wisconsin - Madison, Madison, USA;Konopka, C., & Bednarek, S.(2008, jan). Variable-angle epifluorescence microscopy: a new way to look\nat protein dynamics in the plant cell cortex. Plant J., 186--196, Retrieved from: http://dx.doi.org/10.1111/j.1365-313X.2007.03306.x
Ertürk Ali, Becker Klaus,...and Dodt Hans-Ulrich;Department of Neuroscience, Genentech, South San Francisco, California, USA;Ertürk, A., Becker, K., & Jährling, N. et al.(2012, nov). Three-dimensional imaging of solvent-cleared organs using\n{3DISCO}. Nat. Protoc., 1983--1995, Retrieved from: http://dx.doi.org/10.1038/nprot.2012.119
Silvestri Ludovico, Bria Alessand...and Pavone Francesco Saverio;European Laboratory for Non-linear Spectroscopy (LENS);Silvestri, L., Bria, A., & Costantini, I. et al.(2013). Micron-scale resolution optical tomography of entire mouse\nbrains with confocal light sheet microscopy. J. Vis. Exp., 10.3791/50696. Retrieved from: http://dx.doi.org/10.3791/50696
Taylor Jonathan M;School of Physics and Astronomy, University of Glasgow Glasgow, UK;Taylor, J.(2014). Optically gated beating-heart imaging. Front. Physiol., 481, 10.3389/fphys.2014.00481. Retrieved from: http://dx.doi.org/10.3389/fphys.2014.00481
Keller Philipp J, Schmidt Annette D,...and Stelzer Ernst H K;Cell Biology and Biophysics Unit, European Molecular Biology Laboratory, Heidelberg, Germany;Keller, P., Schmidt, A., & Santella, A. et al.(2010, aug). Fast, high-contrast imaging of animal development with scanned\nlight sheet-based structured-illumination microscopy. Nat. Methods, 637--642, 10.1038/nmeth.1476. Retrieved from: http://dx.doi.org/10.1038/nmeth.1476
Ahrens Misha B, Orger Michael B,...and Keller Philipp J;Howard Hughes Medical Institute, Janelia Farm Research Campus, Ashburn, Virginia, USA;Ahrens, M., Orger, M., & Robson, D. et al.(2013, may). Whole-brain functional imaging at cellular resolution using\nlight-sheet microscopy. Nat. Methods, 413--420, Retrieved from: http://dx.doi.org/10.1038/nmeth.2434
Dunsby C;Photonics Group, Department of Physics, Imperial College London, South Kensington Campus, London, UK;Dunsby, C.(2008). Optically sectioned imaging by oblique plane microscopy. Opt. Express, 20306--20316, Retrieved from: http://www.ncbi.nlm.nih.gov/pubmed/19065169
Pampaloni Francesco, Richa Roli,...and Stelzer Ernst H K;Physical Biology Group, Buchmann Institute for Molecular Life Sciences (BMLS), Goethe Universität Frankfurt am Main, Max-von-Laue-Str;Pampaloni, F., Richa, R., & Ansari, N. et al.(2015). Live spheroid formation recorded with light sheet-based\nfluorescence microscopy. Methods Mol. Biol., 43--57, Retrieved from: http://dx.doi.org/10.1007/978-1-4939-2080-8_3
Buytaert Jan A N, Dirckx Joris J J;University of Antwerp, Laboratory of Biomedical Physics, Department of Physics, Belgium;Buytaert, J., & Dirckx, J.(2007, jan). Design and quantitative resolution measurements of an optical\nvirtual sectioning three-dimensional imaging technique for\nbiomedical specimens, featuring two-micrometer slicing\nresolution. J. Biomed. Opt., 014039, Retrieved from: http://dx.doi.org/10.1117/1.2671712
Rozbicki Emil, Chuai Manli,...and Weijer Cornelis J;Division of Cell and Developmental Biology, College of Life Sciences, University of Dundee, UK;Rozbicki, E., Chuai, M., & Karjalainen, A. et al.(2015, apr). {Myosin-II-mediated} cell shape changes and cell intercalation\ncontribute to primitive streak formation. Nat. Cell Biol., 397--408, Retrieved from: http://dx.doi.org/10.1038/ncb3138
Planchon Thomas A, Gao Liang,...and Betzig Eric;Janelia Farm Research Campus, Howard Hughes Medical Institute, Ashburn, Virginia, USA;Planchon, T., Gao, L., & Milkie, D. et al.(2011, may). Rapid three-dimensional isotropic imaging of living cells\nusing Bessel beam plane illumination. Nat. Methods, 417--423, 10.1038/nmeth.1586. Retrieved from: http://dx.doi.org/10.1038/nmeth.1586
Kirchmaier Bettina C, Poon Kar Lai,...and Thomas;Cell- and Developmental Biology, University of Würzburg, Biocenter, Am Hubland, Germany;Kirchmaier, B., Poon, K., & Schwerte, T. et al.(2012). The Popeye domain containing 2 (popdc2) gene in zebrafish is\nrequired for heart and skeletal muscle development. Dev. Biol., 438--450, 10.1016/j.ydbio.2012.01.015. Retrieved from: http://dx.doi.org/10.1016/j.ydbio.2012.01.015
Yang Zhe, Mei Li,...and Gong Hui;Britton Chance Center for Biomedical Photonics, Wuhan National Laboratory for Optoelectronics-Huazhong University of Science and Technology, China ;Yang, Z., Mei, L., & Xia, F. et al.(2015). Dual-slit confocal light sheet microscopy for in vivo\nwhole-brain imaging of zebrafish. Biomed. Opt. Express, 1797--1811, 10.1364/BOE.6.001797. Retrieved from: http://dx.doi.org/10.1364/BOE.6.001797
Cella Zanacchi Francesca, Lavagnino Zeno,...and Diaspro Alberto;Department of Nanophysics, Istituto Italiano di Tecnologia, Genova, Italy;Cella Zanacchi, F., Lavagnino, Z., & Faretta, M. et al.(2013). Light-sheet confined super-resolution using two-photon\nphotoactivation. PLoS One, e67667, 10.1371/journal.pone.0067667. Retrieved from: http://dx.doi.org/10.1371/journal.pone.0067667
Mohan Kavya, Purnapatra Subhajit B, Mondal Partha Pratim;Department of Instrumentation and Applied Physics, Indian Institute of Science, Bangalore, India;Mohan, K., Purnapatra, S., & Mondal, P.(2014). Three dimensional fluorescence imaging using multiple\nlight-sheet microscopy. PLoS One, e96551, 10.1371/journal.pone.0096551. Retrieved from: http://dx.doi.org/10.1371/journal.pone.0096551
Susaki Etsuo A, Tainaka Kazuki,...and Ueda Hiroki R;Laboratory for Synthetic Biology, RIKEN Quantitative Biology Center, Chuo-ku, Kobe, Japan;Susaki, E., Tainaka, K., & Perrin, D. et al.(2014). Whole-brain imaging with single-cell resolution using chemical\ncocktails and computational analysis. Cell, 726--739, Retrieved from: http://dx.doi.org/10.1016/j.cell.2014.03.042
Pampaloni Francesco, Chang Bo-Jui, Stelzer Ernst H K; IZN), Buchmann Institute for Molecular Life Sciences (BMLS, CEF-MC), Goethe Universität Frankfurt am Main (Campus Riedberg), Frankfurt am Main, Germany;Pampaloni, F., Chang, B., & Stelzer, E.(2015, oct). Erratum to: light sheet-based fluorescence microscopy ({LSFM})\nfor the quantitative imaging of cells and tissues. Cell Tissue Res., 265, Retrieved from: http://dx.doi.org/10.1007/s00441-015-2247-z
Zhao Ming, Zhang Han,...and Peng Leilei;College of Optical Sciences, the University of Arizona;Zhao, M., Zhang, H., & Li, Y. et al.(2014). Cellular imaging of deep organ using two-photon Bessel\nlight-sheet nonlinear structured illumination microscopy. Biomed. Opt. Express, 1296--1308, 10.1364/BOE.5.001296. Retrieved from: http://dx.doi.org/10.1364/BOE.5.001296
Gao Liang, Zhu Liren,...and Wang Lihong V;Optical Imaging Laboratory, Department of Biomedical Engineering, Washington University, , St Louis, USA;Gao, L., Zhu, L., & Li, C. et al.(2014). Nonlinear light-sheet fluorescence microscopy by\nphotobleaching imprinting. J. R. Soc. Interface, 20130851, 10.1098/rsif.2013.0851. Retrieved from: http://dx.doi.org/10.1098/rsif.2013.0851
Keller Philipp J, Stelzer Ernst H K;Cell Biology and Biophysics Unit, European Molecular Biology Laboratory (EMBL), Heidelberg, Germany;Keller, P., & Stelzer, E.(2008, dec). Quantitative in vivo imaging of entire embryos with Digital\nScanned Laser Light Sheet Fluorescence Microscopy. Curr. Opin. Neurobiol., 624--632, Retrieved from: http://dx.doi.org/10.1016/j.conb.2009.03.008
Dodt Hans-Ulrich, Leischner Ulrich,...and Becker Klaus;Max Planck Institute of Psychiatry, Kraepelinstr;Dodt, H., Leischner, U., & Schierloh, A. et al.(2007, apr). Ultramicroscopy: three-dimensional visualization of neuronal\nnetworks in the whole mouse brain. Nat. Methods, 331--336, Retrieved from: http://dx.doi.org/10.1038/nmeth1036
Wein Wolfgang, Blume Moritz,...and Navab Nassir;Chair for Computer Aided Medical Procedures (CAMP) Technische Universität München, Germany;Wein, W., Blume, M., & Leischner, U. et al.(2007). Quality-based registration and reconstruction of optical\ntomography volumes. 718--725, Retrieved from: http://www.ncbi.nlm.nih.gov/pubmed/18044632
Reynaud Emmanuel G, Peychl Jan,...and Tomancak Pavel;Earth Institute, University College Dublin, Dublin, Ireland;Reynaud, E., Peychl, J., & Huisken, J. et al.(2015, jan). Guide to light-sheet microscopy for adventurous biologists. Nat. Methods, 30--34, Retrieved from: http://dx.doi.org/10.1038/nmeth.3222
Chi Neil C, Shaw Robin M,...and Stainier Didier Y R;Department of Biochemistry and Biophysics and Programs in Developmental Biology, Genetics, and Human Genetics, University of California San Francisco, San Francisco, California, United States of America;Chi, N., Shaw, R., & Jungblut, B. et al.(2008). Genetic and physiologic dissection of the vertebrate cardiac\nconduction system. PLoS Biol., e109, 10.1371/journal.pbio.0060109. Retrieved from: http://dx.doi.org/10.1371/journal.pbio.0060109
Voie A H, Burns D H, Spelman F A;Center for Bioengineering, University of Washington;Voie, A., Burns, D., & Spelman, F.(1993, jun). Orthogonal-plane fluorescence optical sectioning:\nthree-dimensional imaging of macroscopic biological specimens. J. Microsc., 229--236, Retrieved from: http://www.ncbi.nlm.nih.gov/pubmed/8371260
Friedrich Mike, Gan Qiang,...and Harms Gregory S;Molecular Microscopy Group, Bio-Imaging Center, Rudolf Virchow Center, University of Würzburg, Würzburg, Germany;Friedrich, M., Gan, Q., & Ermolayev, V. et al.(2011). {STED-SPIM}: Stimulated emission depletion improves sheet\nillumination microscopy resolution. Biophys. J., L43--5, 10.1016/j.bpj.2010.12.3748. Retrieved from: http://dx.doi.org/10.1016/j.bpj.2010.12.3748
Kaufmann Anna, Mickoleit Michaela,...and Huisken Jan;Max Planck Institute of Molecular Cell Biology and Biology and Genetics, Pfotenhauerstr;Kaufmann, A., Mickoleit, M., & Weber, M. et al.(2012, sep). Multilayer mounting enables long-term imaging of zebrafish\ndevelopment in a light sheet microscope. Development, 3242--3247, Retrieved from: http://dx.doi.org/10.1242/dev.082586
Breckwoldt Michael O, Bode Julia,...and Tews Björn;Neuroradiology Department, University Hospital Heidelberg, Heidelberg, Germany;Breckwoldt, M., Bode, J., & Kurz, F. et al.(2016). Correlated magnetic resonance imaging and ultramicroscopy\n({MR-UM}) is a tool kit to assess the dynamics of glioma\nangiogenesis. Elife, 10.7554/eLife.11712. Retrieved from: http://dx.doi.org/10.7554/eLife.11712
Temerinac-Ott Maja, Ronneberger Olaf,...and Burkhardt Hans;Chair of Pattern Recognition and Image Processing, Department of Computer Science, University of Freiburg, Freiburg, Germany;Temerinac-Ott, M., Ronneberger, O., & Ochs, P. et al.(2012, apr). Multiview deblurring for {3-D} images from light-sheet-based\nfluorescence microscopy. IEEE Trans. Image Process., 1863--1873, Retrieved from: http://dx.doi.org/10.1109/TIP.2011.2181528
Engelbrecht Christoph J, Voigt Fabian, Helmchen Fritjof;Department of Neurophysiology, Brain Research Institute, University of Zurich, Switzerland;Engelbrecht, C., Voigt, F., & Helmchen, F.(2010). Miniaturized selective plane illumination microscopy for\nhigh-contrast in vivo fluorescence imaging. Opt. Lett., 1413--1415, Retrieved from: http://dx.doi.org/10.1364/OL.35.001413
Taxis Christof, Maeder Celine,...and Knop Michael;Cell Biology and Biophysics Unit, EMBL, Meyerhofstr;Taxis, C., Maeder, C., & Reber, S. et al.(2006, dec). Dynamic organization of the actin cytoskeleton during meiosis\nand spore formation in budding yeast. Traffic, 1628--1642, Retrieved from: http://dx.doi.org/10.1111/j.1600-0854.2006.00496.x
Tomer Raju, Lovett-Barron Matthew,...and Deisseroth Karl;Department of Bioengineering, Stanford University, Stanford, USA;Tomer, R., Lovett-Barron, M., & Kauvar, I. et al.(2015). {SPED} Light Sheet Microscopy: Fast Mapping of Biological\nSystem Structure and Function. Cell, 1796--1806, 10.1016/j.cell.2015.11.061. Retrieved from: http://dx.doi.org/10.1016/j.cell.2015.11.061
Fu Qinyi, Martin Benjamin L,...and Gao Liang;Department of Chemistry, Stony Brook University, Stony Brook, USA;Fu, Q., Martin, B., & Matus, D. et al.(2016). Imaging multicellular specimens with real-time optimized\ntiling light-sheet selective plane illumination microscopy. Nat. Commun., 11088, Retrieved from: http://dx.doi.org/10.1038/ncomms11088
Hägerling René, Pollmann Cathrin,...and Kiefer Friedemann;Mammalian Cell Signaling Laboratory, Department of Vascular Cell Biology, Max Planck Institute for Molecular Biomedicine, Münster, Germany;Hägerling, R., Pollmann, C., & Andreas, M. et al.(2013). A novel multistep mechanism for initial lymphangiogenesis in\nmouse embryos based on ultramicroscopy. EMBO J., 629--644, 10.1038/emboj.2012.340. Retrieved from: http://dx.doi.org/10.1038/emboj.2012.340
De Vos Winnok H, Beghuin Didier,...and Stelzer Ernst H K;Laboratory of Cell Biology and Histology, Department of Veterinary Sciences, University of Antwerp, Antwerp, Belgium;De Vos, W., Beghuin, D., & Schwarz, C. et al.(2014, oct). Invited review article: Advanced light microscopy for\nbiological space research. Rev. Sci. Instrum., 101101, Retrieved from: http://dx.doi.org/10.1063/1.4898123
Keller Philipp J, Ahrens Misha B, Freeman Jeremy;Janelia Research Campus, Howard Hughes Medical Institute, Ashburn, Virginia, USA;Keller, P., Ahrens, M., & Freeman, J.(2015, jan). Light-sheet imaging for systems neuroscience. Nat. Methods, 27--29, Retrieved from: http://dx.doi.org/10.1038/nmeth.3214
Martinez-Morales Juan Ramon, Rembold Martina,...and Wittbrodt Joachim;Developmental unit, EMBL, Germany;Martinez-Morales, J., Rembold, M., & Greger, K. et al.(2009, jul). ojoplano-mediated basal constriction is essential for optic\ncup morphogenesis. Development, 2165--2175, Retrieved from: http://dx.doi.org/10.1242/dev.033563
Turaga Diwakar, Holy Timothy E;Dept;Turaga, D., & Holy, T.(2013). Aberrations and their correction in light-sheet microscopy: a\nlow-dimensional parametrization. Biomed. Opt. Express, 1654--1661, 10.1364/BOE.4.001654. Retrieved from: http://dx.doi.org/10.1364/BOE.4.001654
Loftus Andrew F, Noreng Sigrid,...and Parthasarathy Raghuveer;Department of Chemistry, The University of Oregon, Eugene, United States;Loftus, A., Noreng, S., & Hsieh, V. et al.(2013). Robust measurement of membrane bending moduli using light\nsheet fluorescence imaging of vesicle fluctuations. Langmuir, 14588--14594, Retrieved from: http://dx.doi.org/10.1021/la403837d
Spille Jan-Hendrik, Kaminski Tim P,...and Kubitscheck Ulrich;Institute of Physical and Theoretical Chemistry, Rheinische Friedrich-Wilhelms-University Bonn, Germany spille@uni-bonn;Spille, J., Kaminski, T., & Scherer, K. et al.(2015, jan). Direct observation of mobility state transitions in {RNA}\ntrajectories by sensitive single molecule feedback tracking. Nucleic Acids Res., e14, 10.1093/nar/gku1194. Retrieved from: http://dx.doi.org/10.1093/nar/gku1194
Singh Anand Pratap,...and Thorsten;Department of Biological Sciences and NUS Centre for Bio-Imaging Sciences, National University of Singapore, Singapore;Singh, A., Krieger, J., & Buchholz, J. et al.(2013). The performance of {2D} array detectors for light sheet based\nfluorescence correlation spectroscopy. Opt. Express, 8652--8668, Retrieved from: http://dx.doi.org/10.1364/OE.21.008652
Cella Zanacchi Francesca, Lavagnino Zeno,...and Diaspro Alberto;Istituto Italiano di Tecnologia, Genova, Italia;Cella Zanacchi, F., Lavagnino, Z., & Perrone Donnorso, M. et al.(2011, dec). Live-cell {3D} super-resolution imaging in thick biological\nsamples. Nat. Methods, 1047--1049, Retrieved from: http://dx.doi.org/10.1038/nmeth.1744
Stefaniuk Marzena, Gualda Emilio J,...and Kaczmarek Leszek;Nencki Institute, Poland;Stefaniuk, M., Gualda, E., & Pawlowska, M. et al.(2016). Light-sheet microscopy imaging of a whole cleared rat brain\nwith {Thy1-GFP} transgene. Sci. Rep., 28209, 10.1038/srep28209. Retrieved from: http://dx.doi.org/10.1038/srep28209
Pauli Andrea, Norris Megan L,...ander F;Department of Molecular and Cellular Biology, Harvard University, Cambridge, USA;Pauli, A., Norris, M., & Valen, E. et al.(2014). Toddler: an embryonic signal that promotes cell movement via\nApelin receptors. Science, 1248636, 10.1126/science.1248636. Retrieved from: http://dx.doi.org/10.1126/science.1248636
Susaki Etsuo A, Tainaka Kazuki,...and Ueda Hiroki R;Department of Systems Pharmacology, The University of Tokyo, Tokyo, Japan;Susaki, E., Tainaka, K., & Perrin, D. et al.(2015, nov). Advanced {CUBIC} protocols for whole-brain and whole-body\nclearing and imaging. Nat. Protoc., 1709--1727, Retrieved from: http://dx.doi.org/10.1038/nprot.2015.085
Galland Remi,...and Sibarita Jean-Baptiste; University of Bordeaux, Bordeaux, France;Galland, R., Grenci, G., & Aravind, A. et al.(2015, jul). {3D} high- and super-resolution imaging using single-objective\n{SPIM}. Nat. Methods, 641--644, Retrieved from: http://dx.doi.org/10.1038/nmeth.3402
Keller Philipp J;Howard Hughes Medical Institute, Janelia Farm Research Campus, Ashburn, USA;Keller, P.(2013). In vivo imaging of zebrafish embryogenesis. Methods, 268--278, 10.1016/j.ymeth.2013.03.015. Retrieved from: http://dx.doi.org/10.1016/j.ymeth.2013.03.015
Lemon William C, Pulver Stefan R,...and Keller Philipp J;Howard Hughes Medical Institute, Janelia Research Campus, Ashburn, USA;Lemon, W., Pulver, S., & Höckendorf, B. et al.(2015). Whole-central nervous system functional imaging in larval\nDrosophila. Nat. Commun., 7924, Retrieved from: http://dx.doi.org/10.1038/ncomms8924
Becker K, Jährling N,...and Dodt H-U;Vienna University of Technology, Institute of Solid State Electronics, Dept;Becker, K., Jährling, N., & Kramer, E. et al.(2008, mar). Ultramicroscopy: {3D} reconstruction of large microscopical\nspecimens. J. Biophotonics, 36--42, Retrieved from: http://dx.doi.org/10.1002/jbio.200710011
Can A, Al-Kofahi O,...and Roysam B;Rensselaer Polytechnic Institute, Troy, U;Can, A., Al-Kofahi, O., & Lasek, S. et al.(2003, jul). Attenuation correction in confocal laser microscopes: a novel\ntwo-view approach. 67--79, Retrieved from: http://www.ncbi.nlm.nih.gov/pubmed/12839553
Ritter Jörg Gerhard, Veith Roman,...and Kubitscheck Ulrich;Institute of Physical and Theoretical Chemistry, Rheinische Friedrich-Wilhelms Universität, Bonn, Germany;Ritter, J., Veith, R., & Veenendaal, A. et al.(2010). Light sheet microscopy for single molecule tracking in living\ntissue. PLoS One, e11639, 10.1371/journal.pone.0011639. Retrieved from: http://dx.doi.org/10.1371/journal.pone.0011639
Schmied Christopher, Stamataki Evangelia, Tomancak Pavel;Max Planck Institute of Molecular Cell Biology and Genetics, Dresden, Germany;Schmied, C., Stamataki, E., & Tomancak, P.(2014). Open-source solutions for {SPIMage} processing. Methods Cell Biol., 505--529, Retrieved from: http://dx.doi.org/10.1016/B978-0-12-420138-5.00027-6
Bhattacharya Dipanjan, Singh Vijay Raj,...and Barbastathis George;Singapore-MIT Alliance for Research and Technology (SMART) Centre, Singapore;Bhattacharya, D., Singh, V., & Zhi, C. et al.(2012). Three dimensional {HiLo-based} structured illumination for a\ndigital scanned laser sheet microscopy ({DSLM}) in thick\ntissue imaging. Opt. Express, 27337--27347, 10.1364/OE.20.027337. Retrieved from: http://dx.doi.org/10.1364/OE.20.027337
Mellman Katharine, Huisken Jan,...and Stainier Didier Y;Department of Biochemistry and Biophysics, Programs in Developmental and Stem Cell Biology, Genetics and Human Genetics, Cardiovascular Research Institute, University of California, San Francisco, San Francisco, USA;Mellman, K., Huisken, J., & Dinsmore, C. et al.(2012). Fibrillin-2b regulates endocardial morphogenesis in zebrafish. Dev. Biol., 111--119, Retrieved from: http://dx.doi.org/10.1016/j.ydbio.2012.07.015
Trivedi Vikas, Truong Thai V,...and Fraser Scott E;Division of Biology and Biological Engineering, California Institute of Technology, Pasadena, USA ;Trivedi, V., Truong, T., & Trinh, L. et al.(2015). Dynamic structure and protein expression of the live embryonic\nheart captured by 2-photon light sheet microscopy and\nretrospective registration. Biomed. Opt. Express, 2056--2066, 10.1364/BOE.6.002056. Retrieved from: http://dx.doi.org/10.1364/BOE.6.002056
Bradl J, Hausmann M,...and Cremer C;Institute of Applied Physics, University of Heidelberg, Germany;Bradl, J., Hausmann, M., & Ehemann, V. et al.(1992, oct). A tilting device for three-dimensional microscopy: application\nto in situ imaging of interphase cell nuclei. 47--57, Retrieved from: http://www.ncbi.nlm.nih.gov/pubmed/1447754
Jemielita Matthew, Taormina Michael J,...and Parthasarathy Raghuveer;Department of Physics, Eugene, OR, USA;Jemielita, M., Taormina, M., & Delaurier, A. et al.(2013, dec). Comparing phototoxicity during the development of a zebrafish\ncraniofacial bone using confocal and light sheet fluorescence\nmicroscopy techniques. J. Biophotonics, 920--928, 10.1002/jbio.201200144. Retrieved from: http://dx.doi.org/10.1002/jbio.201200144
Ritter Jörg G, Veith Roman,...and Kubitscheck Ulrich;Institute of Physical and Theoretical Chemistry, Rheinische-Friedrich-Wilhelms Universität Bonn, Germany;Ritter, J., Veith, R., & Siebrasse, J. et al.(2008). High-contrast single-particle tracking by selective focal\nplane illumination microscopy. Opt. Express, 7142--7152, Retrieved from: http://www.ncbi.nlm.nih.gov/pubmed/18545417
Moosavi S Hoda, Gohn-Kreuz Cristian,...ander;Laboratory for Bio- and Nano-Photonics, Department of Microsystems Engineering-IMTEK, University of Freiburg, Freiburg, Germany;Moosavi, S., Gohn-Kreuz, C., & Rohrbach, A.(2013). Feedback phase correction of Bessel beams in confocal line\nlight-sheet microscopy: a simulation study. Appl. Opt., 5835--5842, Retrieved from: http://dx.doi.org/10.1364/AO.52.005835
Reynaud Emmanuel G, Krzic Uros,...and Stelzer Ernst H K;Cell Biology and Biophysics Unit, European Molecular Biology Laboratory (EMBL), Germany;Reynaud, E., Krzic, U., & Greger, K. et al.(2008, oct). Light sheet-based fluorescence microscopy: more dimensions, more photons, and less photodamage. HFSP J., 266--275, 10.2976/1.2974980. Retrieved from: http://dx.doi.org/10.2976/1.2974980
Rohrbach Alexander;Laboratory for Bio- and Nano-Photonics, Department of Microsystems Engineering-IMTEK, University of Freiburg, Germany;Rohrbach, A.(2009). Artifacts resulting from imaging in scattering media: a\ntheoretical prediction. Opt. Lett., 3041--3043, Retrieved from: http://dx.doi.org/10.1364/OL.34.003041
Pampaloni Francesco, Ansari Nariman, Stelzer Ernst H K;Buchmann Institute for Molecular Life Sciences (BMLS), Goethe Universität Frankfurt am Main, Frankfurt am Main, Germany;Pampaloni, F., Ansari, N., & Stelzer, E.(2013, apr). High-resolution deep imaging of live cellular spheroids with\nlight-sheet-based fluorescence microscopy. Cell Tissue Res., 161--177, Retrieved from: http://dx.doi.org/10.1007/s00441-013-1589-7
Pampaloni Francesco, Reynaud Emmanuel G, Stelzer Ernst H K;Francesco Pampaloni, Emmanuel G;Pampaloni, F., Reynaud, E., & Stelzer, E.(2007, oct). The third dimension bridges the gap between cell culture and\nlive tissue. Nat. Rev. Mol. Cell Biol., 839--845, Retrieved from: http://dx.doi.org/10.1038/nrm2236
Palero Jonathan, Santos Susana I C O,...and Loza-Alvarez Pablo;ICFO-Institut de Ciències Fotòniques, Mediterranean Technology Park, Spain;Palero, J., Santos, S., & Artigas, D. et al.(2010). A simple scanless two-photon fluorescence microscope using\nselective plane illumination. Opt. Express, 8491--8498, Retrieved from: http://dx.doi.org/10.1364/OE.18.008491
Hofman R, Segenhout J M,...and Wit H P;Department of Otorhinolaryngology, University Medical Center Groningen, Groningen, The Netherlands;Hofman, R., Segenhout, J., & Buytaert, J. et al.(2008, feb). Eur. Arch. Otorhinolaryngol., 153--157, 10.1007/s00405-007-0424-8. Retrieved from: http://dx.doi.org/10.1007/s00405-007-0424-8
Chittajallu Deepak R, Florian Stefan,...and Mitchison Timothy J;Department of Cell Biology, Harvard Medical School, Boston, Massachusetts, USA;Chittajallu, D., Florian, S., & Kohler, R. et al.(2015, jun). In vivo cell-cycle profiling in xenograft tumors by\nquantitative intravital microscopy. Nat. Methods, 577--585, 10.1038/nmeth.3363. Retrieved from: http://dx.doi.org/10.1038/nmeth.3363
Schröter Tobias J, Johnson Shane B,...and Santi Peter A;Ilmenau University of Technology, Ilmenau, Germany;Schröter, T., Johnson, S., & John, K. et al.(2012). Scanning thin-sheet laser imaging microscopy ({sTSLIM}) with\nstructured illumination and {HiLo} background rejection. Biomed. Opt. Express, 170--177, 10.1364/BOE.3.000170. Retrieved from: http://dx.doi.org/10.1364/BOE.3.000170
Dean Kevin M, Roudot Philippe,...and Fiolka Reto;Lyda Hill Department of Bioinformatics, University of Texas Southwestern Medical Center, Dallas, Texas;Dean, K., Roudot, P., & Reis, C. et al.(2016). Diagonally Scanned {Light-Sheet} Microscopy for Fast\nVolumetric Imaging of Adherent Cells. Biophys. J., 1456--1465, Retrieved from: http://dx.doi.org/10.1016/j.bpj.2016.01.029
Heintzmann R, Kreth G, Cremer C;Applied Optics and Information Processing, Institute of Applied Physics, University of Heidelberg, Germany;Heintzmann, R., Kreth, G., & Cremer, C.(2000). Reconstruction of axial tomographic high resolution data from\nconfocal fluorescence microscopy: a method for improving {3D}\n{FISH} images. Anal. Cell. Pathol., 7--15, Retrieved from: http://www.ncbi.nlm.nih.gov/pubmed/11007433
Ichikawa Takehiko, Nakazato Kenichi,...and Nonaka Shigenori;Laboratory for Spatiotemporal Regulations, National Institute for Basic Biology, Okazaki Aichi, Japan;Ichikawa, T., Nakazato, K., & Keller, P. et al.(2013). Live imaging of whole mouse embryos during gastrulation:\nmigration analyses of epiblast and mesodermal cells. PLoS One, e64506, 10.1371/journal.pone.0064506. Retrieved from: http://dx.doi.org/10.1371/journal.pone.0064506
Heintzmann R, Cremer C;Applied Optics and Information Processing, Kirchhoff-Institute of Physics, University of Heidelberg, Albert-Ueberle Str;Heintzmann, R., & Cremer, C.(2002, apr). Axial tomographic confocal fluorescence microscopy. 7--23, Retrieved from: http://www.ncbi.nlm.nih.gov/pubmed/12000559
Amat Fernando,...and Keller Philipp J;Howard Hughes Medical Institute, Janelia Research Campus, Ashburn, Virginia, USA;Amat, F., Höckendorf, B., & Wan, Y. et al.(2015, nov). Efficient processing and analysis of large-scale light-sheet\nmicroscopy data. Nat. Protoc., 1679--1696, Retrieved from: http://dx.doi.org/10.1038/nprot.2015.111
Khairy Khaled, Lemon William C,...and Keller Philipp J;Howard Hughes Medical Institute, Janelia Farm Research Campus, Ashburn, VA, USA;Khairy, K., Lemon, W., & Amat, F. et al.(2015). Light sheet-based imaging and analysis of early embryogenesis\nin the fruit fly. Methods Mol. Biol., 79--97, Retrieved from: http://dx.doi.org/10.1007/978-1-4939-1164-6_6
Gao Liang, Shao Lin,...and Betzig Eric;Janelia Farm Research Campus, Howard Hughes Medical Institute, Ashburn, USA;Gao, L., Shao, L., & Higgins, C. et al.(2012). Noninvasive imaging beyond the diffraction limit of {3D}\ndynamics in thickly fluorescent specimens. Cell, 1370--1385, 10.1016/j.cell.2012.10.008. Retrieved from: http://dx.doi.org/10.1016/j.cell.2012.10.008
Fuchs Eran, Jaffe Jules,...and Azam Farooq;Univ Calif San Diego, Scripps Inst Oceanog, Marine Phys Lab, La Jolla;Fuchs, E., Jaffe, J., & Long, R. et al.(2002). Thin laser light sheet microscope for microbial oceanography. Opt. Express, 145--154, Retrieved from: http://www.ncbi.nlm.nih.gov/pubmed/19424342
Bourgenot Cyril, Saunter Christopher D,...and Love Gordon D;Department of Physics & Biophysical Sciences Institute, Durham University, UK;Bourgenot, C., Saunter, C., & Taylor, J. et al.(2012). {3D} adaptive optics in a light sheet microscope. Opt. Express, 13252--13261, Retrieved from: http://dx.doi.org/10.1364/OE.20.013252
Tomer Raju, Khairy Khaled, Keller Philipp J;Janelia Farm Research Campus, Howard Hughes Medical Institute, Ashburn, USA;Tomer, R., Khairy, K., & Keller, P.(2011, oct). Shedding light on the system: studying embryonic development\nwith light sheet microscopy. Curr. Opin. Genet. Dev., 558--565, Retrieved from: http://dx.doi.org/10.1016/j.gde.2011.07.003
Mickoleit Michaela, Schmid Benjamin,...and Huisken Jan;Max Planck Institute of Molecular Cell Biology and Genetics, Dresden, Germany;Mickoleit, M., Schmid, B., & Weber, M. et al.(2014, sep). High-resolution reconstruction of the beating zebrafish heart. Nat. Methods, 919--922, Retrieved from: http://dx.doi.org/10.1038/nmeth.3037
Cutrale Francesco, Gratton Enrico;Laboratory for Fluorescence Dynamics, Biomedical Engineering Department, University of California, Irvine, California, USA;Cutrale, F., & Gratton, E.(2012, nov). Inclined selective plane illumination microscopy adaptor for\nconventional microscopes. Microsc. Res. Tech., 1461--1466, 10.1002/jemt.22089. Retrieved from: http://dx.doi.org/10.1002/jemt.22089
Silvestri L, Sacconi L, Pavone F S;European Laboratory for Non-Linear Spectroscopy (LENS), University of Florence, Via Nello Carrara, Italy;Silvestri, L., Sacconi, L., & Pavone, F.(2014, jul). Correcting spherical aberrations in confocal light sheet\nmicroscopy: a theoretical study. Microsc. Res. Tech., 483--491, Retrieved from: http://dx.doi.org/10.1002/jemt.22330
Verveer Peter J, Swoger Jim,...and Stelzer Ernst H K;Cell Biology & Biophysics Unit, European Molecular Biology Laboratory, Germany;Verveer, P., Swoger, J., & Pampaloni, F. et al.(2007, apr). High-resolution three-dimensional imaging of large specimens\nwith light sheet-based microscopy. Nat. Methods, 311--313, Retrieved from: http://dx.doi.org/10.1038/nmeth1017
Schmied Christopher, Steinbach Peter,...and Tomancak Pavel;Max Planck Institute of Molecular Cell Biology and Genetics, Dresden, Germany;Schmied, C., Steinbach, P., & Pietzsch, T. et al.(2015). An automated workflow for parallel processing of large\nmultiview {SPIM} recordings. Bioinformatics, Retrieved from: http://dx.doi.org/10.1093/bioinformatics/btv706
Hama Hiroshi, Hioki Hiroyuki,...and Miyawaki Atsushi;Laboratory for Cell Function Dynamics, Brain Science Institute, RIKEN, Wako-city, Saitama, Japan;Hama, H., Hioki, H., & Namiki, K. et al.(2015, oct). {ScaleS}: an optical clearing palette for biological imaging. Nat. Neurosci., 1518--1529, Retrieved from: http://dx.doi.org/10.1038/nn.4107
Wenzel Carsten, Riefke Björn,...and Steigemann Patrick;Bayer Pharma AG, Global Drug Discovery, Germany;Wenzel, C., Riefke, B., & Gründemann, S. et al.(2014). {3D} high-content screening for the identification of\ncompounds that target cells in dormant tumor spheroid regions. Exp. Cell Res., 131--143, Retrieved from: http://dx.doi.org/10.1016/j.yexcr.2014.01.017
Huisken Jan;Max Planck Institute of Molecular Cell Biology and Genetics, Dresden, Germany;Huisken, J.(2012, may). Slicing embryos gently with laser light sheets. Bioessays, 406--411, Retrieved from: http://dx.doi.org/10.1002/bies.201100120
Tomer Raju, Khairy Khaled,...and Keller Philipp J;Howard Hughes Medical Institute, Janelia Farm Research Campus, Ashburn, Virginia, USA;Tomer, R., Khairy, K., & Amat, F. et al.(2012, jul). Quantitative high-speed imaging of entire developing embryos\nwith simultaneous multiview light-sheet microscopy. Nat. Methods, 755--763, Retrieved from: http://dx.doi.org/10.1038/nmeth.2062
Amat Fernando,...and Keller Philipp J;Howard Hughes Medical Institute, Janelia Farm Research Campus, Ashburn, USA;Amat, F., Myers, E., & Keller, P.(2013). Fast and robust optical flow for time-lapse microscopy using\nsuper-voxels. Bioinformatics, 373--380, 10.1093/bioinformatics/bts706. Retrieved from: http://dx.doi.org/10.1093/bioinformatics/bts706
Lei Ming, Zumbusch Andreas;Department of Chemie, University of Konstanz, Germany;Lei, M., & Zumbusch, A.(2010). Structured light sheet fluorescence microscopy based on four\nbeam interference. Opt. Express, 19232--19241, Retrieved from: http://dx.doi.org/10.1364/OE.18.019232
Mohan Kavya, Mondal Partha Pratim;Nanobioimaging Laboratory, Department of Instrumentation and Applied Physics, Indian Institute of Science, Bangalore, India;Mohan, K., & Mondal, P.(2015, jan). {MRT} letter: Two-photon excitation-based 2pi light-sheet\nsystem for nano-lithography. Microsc. Res. Tech., 1--7, Retrieved from: http://dx.doi.org/10.1002/jemt.22452
Lemon William C, Keller Philipp J;Howard Hughes Medical Institute, Janelia Farm Research Campus, Ashburn, Virginia;Lemon, W., & Keller, P.(2015, jul). Live imaging of nervous system development and function using\nlight-sheet microscopy. Mol. Reprod. Dev., 605--618, Retrieved from: http://dx.doi.org/10.1002/mrd.22258
Fahrbach Florian O, Rohrbach Alexander;Laboratory for Bio- and Nano-Photonics, Department of Microsystems Engineering-IMTEK, University of Freiburg, Germany;Fahrbach, F., & Rohrbach, A.(2010). A line scanned light-sheet microscope with phase shaped\nself-reconstructing beams. Opt. Express, 24229--24244, Retrieved from: http://dx.doi.org/10.1364/OE.18.024229
Bassi Andrea, Schmid Benjamin, Huisken Jan;Max Planck Institute of Molecular Cell Biology and Genetics, Germany Politecnico di Milano, Dipartimento di Fisica, Italy;Bassi, A., Schmid, B., & Huisken, J.(2015). Optical tomography complements light sheet microscopy for in\ntoto imaging of zebrafish development. Development, 1016--1020, 10.1242/dev.116970. Retrieved from: http://dx.doi.org/10.1242/dev.116970
Truong Thai V, Supatto Willy,...and Fraser Scott E;California Institute of Technology, Beckman Institute, Pasadena, CA, USA;Truong, T., Supatto, W., & Koos, D. et al.(2011, sep). Deep and fast live imaging with two-photon scanned light-sheet\nmicroscopy. Nat. Methods, 757--760, Retrieved from: http://dx.doi.org/10.1038/nmeth.1652
Zhao Ziqing W, Roy Rahul,...and Xie X Sunney;Department of Chemistry and Chemical Biology, Harvard University, Cambridge;Zhao, Z., Roy, R., & Gebhardt, J. et al.(2014). Spatial organization of {RNA} polymerase {II} inside a\nmammalian cell nucleus revealed by reflected light-sheet\nsuperresolution microscopy. Proc. Natl. Acad. Sci. U. S. A., 681--686, 10.1073/pnas.1318496111. Retrieved from: http://dx.doi.org/10.1073/pnas.1318496111
Lauri Antonella, Brunet Thibaut,...and Arendt Detlev;Developmental Biology Unit, European Molecular Biology Laboratory (EMBL);Lauri, A., Brunet, T., & Handberg-Thorsager, M. et al.(2014). Development of the annelid axochord: insights into notochord\nevolution. Science, 1365--1368, Retrieved from: http://dx.doi.org/10.1126/science.1253396
Jährling Nina, Becker Klaus,...and Dodt Hans-Ulrich;Department of Bioelectronics, FKE, Vienna University of Technology Vienna, Austria;Jährling, N., Becker, K., & Schönbauer, C. et al.(2010). Three-dimensional reconstruction and segmentation of intact\nDrosophila by ultramicroscopy. Front. Syst. Neurosci., 1, 10.3389/neuro.06.001.2010. Retrieved from: http://dx.doi.org/10.3389/neuro.06.001.2010
Bodea Gabriela Oana, Spille Jan-Hendrik,...andra;Institute of Reconstructive Neurobiology, Life and Brain Center, University of Bonn, Germany;Bodea, G., Spille, J., & Abe, P. et al.(2014, feb). Reelin and {CXCL12} regulate distinct migratory behaviors\nduring the development of the dopaminergic system. Development, 661--673, Retrieved from: http://dx.doi.org/10.1242/dev.099937
Costello John H, Colin Sean P,...and Kelly R;Eugene Bell Center, Marine Biological Laboratory, Woods Hole, USA;Costello, J., Colin, S., & Gemmell, B. et al.(2015). Multi-jet propulsion organized by clonal development in a\ncolonial siphonophore. Nat. Commun., 8158, 10.1038/ncomms9158. Retrieved from: http://dx.doi.org/10.1038/ncomms9158
Cavey Matthieu, Lecuit Thomas;IBDML, campus de Luminy, Marseille, France;Cavey, M., & Lecuit, T.(2008). Imaging cellular and molecular dynamics in live embryos using\nfluorescent proteins. Methods Mol. Biol., 219--238, Retrieved from: http://dx.doi.org/10.1007/978-1-59745-583-1_13
Strobl Frederic, Stelzer Ernst H K;Physical Biology/Physikalische Biologie (IZN, Buchmann Institute for Molecular Life Sciences (BMLS), Cluster of Excellence Frankfurt - Macromolecular Complexes (CEF - MC), Goethe University - Frankfurt am Main (Campus Riedberg), Germany;Strobl, F., & Stelzer, E.(2014, jun). Non-invasive long-term fluorescence live imaging of Tribolium\ncastaneum embryos. Development, 2331--2338, Retrieved from: http://dx.doi.org/10.1242/dev.108795
Fickentscher Rolf, Struntz Philipp, Weiss Matthias;Experimental Physics I, University of Bayreuth, Bayreuth, Germany;Fickentscher, R., Struntz, P., & Weiss, M.(2013). Mechanical cues in the early embryogenesis of Caenorhabditis\nelegans. Biophys. J., 1805--1811, 10.1016/j.bpj.2013.09.005. Retrieved from: http://dx.doi.org/10.1016/j.bpj.2013.09.005
Khairy Khaled, Keller Philipp J;Janelia Farm Research Campus, Howard Hughes Medical Institute, Ashburn, USA;Khairy, K., & Keller, P.(2011, jul). Reconstructing embryonic development. Genesis, 488--513, Retrieved from: http://dx.doi.org/10.1002/dvg.20698
Annibale Paolo, Dvornikov Alexand...and Gratton Enrico;Laboratory for Fluorescence Dynamics, Department of Biomedical Engineering, University of California, Irvine USA ;Annibale, P., Dvornikov, A., & Gratton, E.(2015). Electrically tunable lens speeds up {3D} orbital tracking. Biomed. Opt. Express, 2181--2190, 10.1364/BOE.6.002181. Retrieved from: http://dx.doi.org/10.1364/BOE.6.002181
Allegra Mascaro Anna Letizia, Sacconi Leonardo,...and Pavone Francesco S;European Laboratory for Non-Linear Spectroscopy, University of Florence, Sesto Fiorentino, Italy;Allegra Mascaro, A., Sacconi, L., & Silvestri, L. et al.(2015). {Multi-Modal} Optical Imaging of the Cerebellum in Animals. Cerebellum, Retrieved from: http://dx.doi.org/10.1007/s12311-015-0730-4
Chow Cynthia L, Guo Weixiang,...and Gubbels Samuel P;Department of Communication Sciences and Disorders, University of Wisconsin-Madison, Madison, Wisconsin;Chow, C., Guo, W., & Trivedi, P. et al.(2015). Characterization of a unique cell population marked by\ntransgene expression in the adult cochlea of\n{nestin-CreER(T2)/tdTomato-reporter} mice. J. Comp. Neurol., 1474--1487, 10.1002/cne.23747. Retrieved from: http://dx.doi.org/10.1002/cne.23747
Shaw P J, Agard D A,...and Sedat J W;Department of Cell Biology, John Innes Institute, Norwich, United Kingdom;Shaw, P., Agard, D., & Hiraoka, Y. et al.(1989, jan). Tilted view reconstruction in optical microscopy.\nThree-dimensional reconstruction of Drosophila melanogaster\nembryo nuclei. Biophys. J., 101--110, 10.1016/S0006-3495(89)82783-3. Retrieved from: http://dx.doi.org/10.1016/S0006-3495(89)82783-3
Silvestri L, Bria A,...and Pavone F S;European Laboratory for Non-Linear Spectroscopy (LENS), University of Florence, Italy;Silvestri, L., Bria, A., & Sacconi, L. et al.(2012). Confocal light sheet microscopy: micron-scale neuroanatomy of\nthe entire mouse brain. Opt. Express, 20582--20598, Retrieved from: http://dx.doi.org/10.1364/OE.20.020582
Engelbrecht Christoph J, Stelzer Ernst H;Light Micrscopy Group, EMBL Heidelberg, Germany;Engelbrecht, C., & Stelzer, E.(2006). Resolution enhancement in a light-sheet-based microscope\n({SPIM}). Opt. Lett., 1477--1479, Retrieved from: http://www.ncbi.nlm.nih.gov/pubmed/16642144
Huisken Jan, Stainier Didier Y R;Department of Biochemistry and Biophysics, and Cardiovascular Research Institute, University of California, San Francisco, USA;Huisken, J., & Stainier, D.(2009, jun). Selective plane illumination microscopy techniques in\ndevelopmental biology. Development, 1963--1975, 10.1242/dev.022426. Retrieved from: http://dx.doi.org/10.1242/dev.022426
Skupsch Christoph, Brücker Christoph;Technical University Bergakademie Freiberg, Department of Mechanics and Fluid Dynamics, Lampadiusstr;Skupsch, C., & Brücker, C.(2013). Multiple-plane particle image velocimetry using a light-field\ncamera. Opt. Express, 1726--1740, Retrieved from: http://dx.doi.org/10.1364/OE.21.001726
Skupsch Christoph, Brücker Christoph;Hubrecht Institute, KNAW and University Medical Center Utrecht, Cancer Genomics Netherlands, the Netherlands;Skupsch, C., & Brücker, C.(2014). Genome-wide {RNA} Tomography in the zebrafish embryo. Cell, 662--675, Retrieved from: http://dx.doi.org/10.1016/j.cell.2014.09.038
Mücksch Jonas, Spielmann Thiemo,...and Widengren Jerker;Experimental Biomolecular Physics, Department of Applied Physics, Royal Institute of Technology, Albanova University Center, Stockholm, Sweden;Mücksch, J., Spielmann, T., & Sisamakis, E. et al.(2015, may). Transient state imaging of live cells using single plane\nillumination and arbitrary duty cycle excitation pulse trains. J. Biophotonics, 392--400, Retrieved from: http://dx.doi.org/10.1002/jbio.201400015
Gao Liang;Department of Chemistry, Stony Brook University, Stony Brook, NY, USA ;Gao, L.(2015). Optimization of the excitation light sheet in selective plane\nillumination microscopy. Biomed. Opt. Express, 881--890, 10.1364/BOE.6.000881. Retrieved from: http://dx.doi.org/10.1364/BOE.6.000881
Chung Kwanghun, Deisseroth Karl;Department of Bioengineering, Stanford University, Stanford, California, USA;Chung, K., & Deisseroth, K.(2013, jun). {CLARITY} for mapping the nervous system. Nat. Methods, 508--513, Retrieved from: http://dx.doi.org/10.1038/nmeth.2481
Wu Jianglai, Li Jianping, Chan Robert K Y;Department of Physics, Hong Kong Baptist University, Kowloon Tong, Hong Kong SAR, China;Wu, J., Li, J., & Chan, R.(2013). A light sheet based high throughput 3D-imaging flow cytometer\nfor phytoplankton analysis. Opt. Express, 14474--14480, Retrieved from: http://dx.doi.org/10.1364/OE.21.014474
Voie Arne H;Spencer Technologies;Voie, A.(2002, sep). Imaging the intact guinea pig tympanic bulla by\northogonal-plane fluorescence optical sectioning microscopy. Hear. Res., 119--128, Retrieved from: http://www.ncbi.nlm.nih.gov/pubmed/12204356
Alvers Ashley L, Ryan Sean,...and Bagnat Michel;Department of Cell Biology, Duke University Medical Center, Durham, USA;Alvers, A., Ryan, S., & Scherz, P. et al.(2014, mar). Single continuous lumen formation in the zebrafish gut is\nmediated by smoothened-dependent tissue remodeling. Development, 1110--1119, 10.1242/dev.100313. Retrieved from: http://dx.doi.org/10.1242/dev.100313
Arrenberg Aristides B, Stainier Didier Y R,...and Huisken Jan;Department of Physiology, University of California, San Francisco, USA;Arrenberg, A., Stainier, D., & Baier, H. et al.(2010). Optogenetic control of cardiac function. Science, 971--974, Retrieved from: http://dx.doi.org/10.1126/science.1195929
Schickinger Sarah, Bruns Thomas,...and Schneckenburger Herbert;Hochschule Aalen, Institut für Angewandte Forschung, Beethovenstr;Schickinger, S., Bruns, T., & Wittig, R. et al.(2013, dec). Nanosecond ratio imaging of redox states in tumor cell\nspheroids using light sheet-based fluorescence microscopy. J. Biomed. Opt., 126007, Retrieved from: http://dx.doi.org/10.1117/1.JBO.18.12.126007
Herbert Shane P, Huisken Jan,...and Stainier Didier Y R;Department of Biochemistry and Biophysics, Programs in Developmental Biology, Genetics and Human Genetics, Cardiovascular Research Institute, University of California, San Francisco, USA;Herbert, S., Huisken, J., & Kim, T. et al.(2009). Arterial-venous segregation by selective cell sprouting: an\nalternative mode of blood vessel formation. Science, 294--298, 10.1126/science.1178577. Retrieved from: http://dx.doi.org/10.1126/science.1178577
Holekamp Terrence F, Turaga Diwakar, Holy Timothy E;Department of Anatomy and Neurobiology, Washington University in St;Holekamp, T., Turaga, D., & Holy, T.(2008). Fast three-dimensional fluorescence imaging of activity in\nneural populations by objective-coupled planar illumination\nmicroscopy. Neuron, 661--672, Retrieved from: http://dx.doi.org/10.1016/j.neuron.2008.01.011
Luo Xueting, Salgueiro Yadira,...and Park Kevin K;Miami Project to Cure Paralysis, University of Miami, Miller School of Medicine, Miami, USA;Luo, X., Salgueiro, Y., & Beckerman, S. et al.(2013, sep). Three-dimensional evaluation of retinal ganglion cell axon\nregeneration and pathfinding in whole mouse tissue after\ninjury. Exp. Neurol., 653--662, 10.1016/j.expneurol.2013.03.001. Retrieved from: http://dx.doi.org/10.1016/j.expneurol.2013.03.001
Arnaout Rima, Ferrer Tania,...and Chi Neil C;Department of Biochemistry and Biophysics, Programs in Developmental Biology, Genetics, and Human Genetics, Cardiovascular Research Institute, University of California, San Francisco, USA;Arnaout, R., Ferrer, T., & Huisken, J. et al.(2007). Zebrafish model for human long {QT} syndrome. Proc. Natl. Acad. Sci. U. S. A., 11316--11321, 10.1073/pnas.0702724104. Retrieved from: http://dx.doi.org/10.1073/pnas.0702724104
Gebhardt J Christof M, Suter David M,...and Xie X Sunney;Department of Chemistry and Chemical Biology, Harvard University, Cambridge, Massachusetts, USA;Gebhardt, J., Suter, D., & Roy, R. et al.(2013, may). Single-molecule imaging of transcription factor binding to\n{DNA} in live mammalian cells. Nat. Methods, 421--426, 10.1038/nmeth.2411. Retrieved from: http://dx.doi.org/10.1038/nmeth.2411
Yang Zhengyi, Piksarv Peeter,...and Dholakia Kishan;SUPA, School of Physics and Astronomy, University of St;Yang, Z., Piksarv, P., & Ferrier, D. et al.(2015). Macro-optical trapping for sample confinement in light sheet\nmicroscopy. Biomed. Opt. Express, 2778--2785, 10.1364/BOE.6.002778. Retrieved from: http://dx.doi.org/10.1364/BOE.6.002778
Voie A H, Spelman F A;Center for Bioengineering, University of Washington, USA;Voie, A., & Spelman, F.(1995, sep). Three-dimensional reconstruction of the cochlea from\ntwo-dimensional images of optical sections. Comput. Med. Imaging Graph., 377--384, Retrieved from: http://www.ncbi.nlm.nih.gov/pubmed/8734775
Sikkel Markus B, Kumar Sunil,...and Dunsby Chris;Myocardial Function Section, National Heart and Lung Institute, Imperial College, London, United Kingdom;Sikkel, M., Kumar, S., & Maioli, V. et al.(2015). High speed {sCMOS-based} oblique plane microscopy applied to\nthe study of calcium dynamics in cardiac myocytes. J. Biophotonics, Retrieved from: http://dx.doi.org/10.1002/jbio.201500193
Friedrich Mike, Nozadze Revaz,...and Harms Gregory S;Molecular Microscopy Group, Rudolf Virchow Center, University of Würzburg, Germany;Friedrich, M., Nozadze, R., & Gan, Q. et al.(2009). Detection of single quantum dots in model organisms with sheet\nillumination microscopy. Biochem. Biophys. Res. Commun., 722--727, Retrieved from: http://dx.doi.org/10.1016/j.bbrc.2009.10.036
Amat Fernando, Keller Philipp J;Janelia Farm Research Campus, Howard Hughes Medical Institute, Ashburn, USA;Amat, F., & Keller, P.(2013, may). Towards comprehensive cell lineage reconstructions in complex\norganisms using light-sheet microscopy. Dev. Growth Differ., 563--578, Retrieved from: http://dx.doi.org/10.1111/dgd.12063
Bruns Thomas, Schickinger Sarah,...and Schneckenburger Herbert;Institut für Angewandte Forschung, Hochschule Aalen, Beethovenstr;Bruns, T., Schickinger, S., & Wittig, R. et al.(2012, oct). Preparation strategy and illumination of three-dimensional\ncell cultures in light sheet-based fluorescence microscopy. J. Biomed. Opt., 101518, Retrieved from: http://dx.doi.org/10.1117/1.JBO.17.10.101518
Höckendorf Burkhard, Lavis Luke D, Keller Philipp J;Janelia Research Campus, Howard Hughes Medical Institute, Ashburn, Virginia, USA;Höckendorf, B., Lavis, L., & Keller, P.(2014, nov). Making biology transparent. Nat. Biotechnol., 1104--1105, Retrieved from: http://dx.doi.org/10.1038/nbt.3061
Taylor Jonathan M, Saunter Christopher D,...and Chaudhry Bill;Durham University, Centre for Advanced Instrumentation, Department of Physics, Durham, United Kingdom;Taylor, J., Saunter, C., & Love, G. et al.(2011, nov). Real-time optical gating for three-dimensional beating heart\nimaging. J. Biomed. Opt., 116021, Retrieved from: http://dx.doi.org/10.1117/1.3652892
Scherf Nico, Huisken Jan; Dresden, Germany;Scherf, N., & Huisken, J.(2015, aug). The smart and gentle microscope. Nat. Biotechnol., 815--818, Retrieved from: http://dx.doi.org/10.1038/nbt.3310
Scherf Nico, Huisken Jan;University of Toulouse, Toulouse, France;Scherf, N., & Huisken, J.(2012). Deep and clear optical imaging of thick inhomogeneous samples. PLoS One, e35795, 10.1371/journal.pone.0035795. Retrieved from: http://dx.doi.org/10.1371/journal.pone.0035795
Fahrbach Florian O, Gurchenkov Vasily,...ander;Laboratory for Bio- and Nano-Photonics, Department of Microsystems Engineering, University of Freiburg, Freiburg, Germany;Fahrbach, F., Gurchenkov, V., & Alessandri, K. et al.(2013). Self-reconstructing sectioned Bessel beams offer submicron\noptical sectioning for large fields of view in light-sheet\nmicroscopy. Opt. Express, 11425--11440, Retrieved from: http://dx.doi.org/10.1364/OE.21.011425
Vladimirov Nikita, Mu Yu,...and Ahrens Misha B;Janelia Farm Research Campus, Howard Hughes Medical Institute, Ashburn, Virginia, USA;Vladimirov, N., Mu, Y., & Kawashima, T. et al.(2014, sep). Light-sheet functional imaging in fictively behaving zebrafish. Nat. Methods, 883--884, Retrieved from: http://dx.doi.org/10.1038/nmeth.3040
Samsonov D, Elsaesser A,...and Morfill G E;Department of Electrical Engineering and Electronics, University of Liverpool, Brownlow Hill, United Kingdom;Samsonov, D., Elsaesser, A., & Edwards, A. et al.(2008, mar). High speed laser tomography system. Rev. Sci. Instrum., 035102, Retrieved from: http://dx.doi.org/10.1063/1.2885683
Strobl Frederic, Schmitz Alexand...and Stelzer Ernst H K;Physical Biology/Physikalische Biologie (IZN, Buchmann Institute for Molecular Life Sciences (BMLS), Cluster of Excellence Frankfurt-Macromolecular Complexes (CEF-MC), Goethe University-Frankfurt am Main (Campus Riedberg), Frankfurt am Main, Germany;Strobl, F., Schmitz, A., & Stelzer, E.(2015, oct). Live imaging of Tribolium castaneum embryonic development\nusing light-sheet-based fluorescence microscopy. Nat. Protoc., 1486--1507, Retrieved from: http://dx.doi.org/10.1038/nprot.2015.093
Keller Philipp J, Schmidt Annette D,...and Stelzer Ernst H K;Cell Biology and Biophysics Unit, European Molecular Biology Laboratory (EMBL), Germany;Keller, P., Schmidt, A., & Wittbrodt, J. et al.(2008). Reconstruction of zebrafish early embryonic development by\nscanned light sheet microscopy. Science, 1065--1069, Retrieved from: http://dx.doi.org/10.1126/science.1162493
Siebrasse Jan Peter, Kaminski Tim, Kubitscheck Ulrich;Institute of Physical and Theoretical Chemistry, Rheinische Friedrich-Wilhelms-University Bonn, Germany;Siebrasse, J., Kaminski, T., & Kubitscheck, U.(2012). Nuclear export of single native {mRNA} molecules observed by\nlight sheet fluorescence microscopy. Proc. Natl. Acad. Sci. U. S. A., 9426--9431, 10.1073/pnas.1201781109. Retrieved from: http://dx.doi.org/10.1073/pnas.1201781109
Chhetri Raghav K, Amat Fernand...and Keller Philipp J;Howard Hughes Medical Institute, Janelia Research Campus, Ashburn, Virginia, USA;Chhetri, R., Amat, F., & Wan, Y. et al.(2015, dec). Whole-animal functional and developmental imaging with\nisotropic spatial resolution. Nat. Methods, 1171--1178, Retrieved from: http://dx.doi.org/10.1038/nmeth.3632
Pöschinger Thomas, Renner Anja,...and Scheuer Werner;From the *Discovery Oncology, Pharmaceutical Research and Early Development (pRED), Roche Diagnostics GmbH, Penzberg;Pöschinger, T., Renner, A., & Eisa, F. et al.(2014, jul). Dynamic contrast-enhanced micro-computed tomography correlates\nwith 3-dimensional fluorescence ultramicroscopy in\nantiangiogenic therapy of breast cancer xenografts. Invest. Radiol., 445--456, Retrieved from: http://dx.doi.org/10.1097/RLI.0000000000000038
Stegmaier Johannes, Otte Jens C,...and Mikut Ralf;Institute for Applied Computer Science (IAI), Karlsruhe Institute of Technology, Karlsruhe, Germany;Stegmaier, J., Otte, J., & Kobitski, A. et al.(2014). Fast segmentation of stained nuclei in terabyte-scale, time\nresolved {3D} microscopy image stacks. PLoS One, e90036, 10.1371/journal.pone.0090036. Retrieved from: http://dx.doi.org/10.1371/journal.pone.0090036
Fahrbach Florian O, Rohrbach Alexander;Laboratory for Bio- and Nano-Photonics, Department of Microsystems Engineering, University of Freiburg, Germany;Fahrbach, F., & Rohrbach, A.(2012). Propagation stability of self-reconstructing Bessel beams\nenables contrast-enhanced imaging in thick media. Nat. Commun., 632, Retrieved from: http://dx.doi.org/10.1038/ncomms1646
Krieger Jan W, Singh Anand...and Thorsten;German Cancer Research Center (DKFZ), Heidelberg, Germany;Krieger, J., Singh, A., & Bag, N. et al.(2015, dec). Imaging fluorescence (cross-) correlation spectroscopy in live\ncells and organisms. Nat. Protoc., 1948--1974, Retrieved from: http://dx.doi.org/10.1038/nprot.2015.100
Jahr Wiebke, Schmid Benjamin,...and Huisken Jan;Max Planck Institute of Molecular Cell Biology and Genetics, Germany;Jahr, W., Schmid, B., & Schmied, C. et al.(2015). Hyperspectral light sheet microscopy. Nat. Commun., 7990, 10.1038/ncomms8990. Retrieved from: http://dx.doi.org/10.1038/ncomms8990
Engelbrecht Christoph J, Johnston Richard S,...and Helmchen Fritjof;Dept;Engelbrecht, C., Johnston, R., & Seibel, E. et al.(2008). Ultra-compact fiber-optic two-photon microscope for functional\nfluorescence imaging in vivo. 5556--5564, Retrieved from: http://www.ncbi.nlm.nih.gov/pubmed/18542658
Munson Chantilly, Huisken Jan,...and Stainier Didier Y R;Department of Biochemistry and Biophysics, Genetics and Human Genetics, University of California, San Francisco, USA;Munson, C., Huisken, J., & Bit-Avragim, N. et al.(2008). Regulation of neurocoel morphogenesis by Pard6 gamma b. Dev. Biol., 41--54, 10.1016/j.ydbio.2008.08.033. Retrieved from: http://dx.doi.org/10.1016/j.ydbio.2008.08.033
Greger K, Swoger J, Stelzer E H K;Light Microscopy Group, Cell Biology and Biophysics Unit, EMBL-Heidelberg, Germany;Greger, K., Swoger, J., & Stelzer, E.(2007, feb). Basic building units and properties of a fluorescence single\nplane illumination microscope. Rev. Sci. Instrum., 023705, Retrieved from: http://www.ncbi.nlm.nih.gov/pubmed/17578115
Santi Peter A, Johnson Shane B,...and Leger James R;Department of Otolaryngology, University of Minnesota, Minneapolis, MN, USA;Santi, P., Johnson, S., & Hillenbrand, M. et al.(2009, apr). Thin-sheet laser imaging microscopy for optical sectioning of\nthick tissues. Biotechniques, 287--294, 10.2144/000113087. Retrieved from: http://dx.doi.org/10.2144/000113087
Kikuchi Susumu, Sonobe Kazuo,...and Ohyama Nagaaki;KANSAI ADV RES CTR,COMMUN RES LAB,NISHI KU,KOBE,JAPAN;Kikuchi, S., Sonobe, K., & Mashiko, S. et al.(1997). Three-dimensional image reconstruction for biological\nmicro-specimens using a double-axis fluorescence microscope. 21--26, Retrieved from: http://www.sciencedirect.com/science/article/pii/S0030401897000540
Razansky Daniel, Vinegoni Claudio, Ntziachristos Vasilis;Institute for Biological and Medical Imaging, Helmholtz Zentrum München, Germany;Razansky, D., Vinegoni, C., & Ntziachristos, V.(2009). Imaging of mesoscopic-scale organisms using selective-plane\noptoacoustic tomography. Phys. Med. Biol., 2769--2777, Retrieved from: http://dx.doi.org/10.1088/0031-9155/54/9/012
Ansari Nariman, Müller Stefanie,...and Pampaloni Francesco;Buchmann Institute for Molecular Life Sciences (BMLS), Goethe University Frankfurt, Frankfurt am Main, Germany;Ansari, N., Müller, S., & Stelzer, E. et al.(2013). Quantitative {3D} cell-based assay performed with cellular\nspheroids and fluorescence microscopy. Methods Cell Biol., 295--309, Retrieved from: http://dx.doi.org/10.1016/B978-0-12-407239-8.00013-6
Müllenbroich M Caroline, Silvestri Ludovico,...and Pavone Francesco S;University of Florence , European Laboratory for Non-Linear Spectroscopy, Italy ;Müllenbroich, M., Silvestri, L., & Onofri, L. et al.(2015, oct). Comprehensive optical and data management infrastructure for\nhigh-throughput light-sheet microscopy of whole mouse brains. Neurophotonics, 041404, 10.1117/1.NPh.2.4.041404. Retrieved from: http://dx.doi.org/10.1117/1.NPh.2.4.041404
Santi Peter A;Department of Otolaryngology, University of Minnesota, USA;Santi, P.(2011, feb). Light sheet fluorescence microscopy: a review. J. Histochem. Cytochem., 129--138, 10.1369/0022155410394857. Retrieved from: http://dx.doi.org/10.1369/0022155410394857
Laksameethanasan Danai, Brand...and Shorte Spencer L;Laboratory of Computational Engineering, Helsinki University of Technology, Finland;Laksameethanasan, D., Brandt, S., & Engelhardt, P. et al.(2008, feb). A Bayesian reconstruction method for micro-rotation imaging in\nlight microscopy. Microsc. Res. Tech., 158--167, Retrieved from: http://dx.doi.org/10.1002/jemt.20550
Gao Liang, Shao Lin,...and Betzig Eric; Howard Hughes Medical Institute (HHMI), Ashburn, Virginia, USA;Gao, L., Shao, L., & Chen, B. et al.(2014, may). {3D} live fluorescence imaging of cellular dynamics using\nBessel beam plane illumination microscopy. Nat. Protoc., 1083--1101, Retrieved from: http://dx.doi.org/10.1038/nprot.2014.087
Leischner Ulrich, Zieglgänsberger Walter, Dodt Hans-Ulrich;Max Planck Institute of Psychiatry, Munich, Germany;Leischner, U., Zieglgänsberger, W., & Dodt, H.(2009). Resolution of ultramicroscopy and field of view analysis. PLoS One, e5785, 10.1371/journal.pone.0005785. Retrieved from: http://dx.doi.org/10.1371/journal.pone.0005785
Liu Jiandong,...and Stainier Didier Y R;Department of Biochemistry and Biophysics, University of California, San Francisco, USA;Liu, J., Bressan, M., & Hassel, D. et al.(2010, nov). A dual role for {ErbB2} signaling in cardiac trabeculation. Development, 3867--3875, 10.1242/dev.053736. Retrieved from: http://dx.doi.org/10.1242/dev.053736
Langhans Markus, Meckel Tobias;Membrane Dynamics, Department of Biology, Technische Universität Darmstadt, Darmstadt, Germany;Langhans, M., & Meckel, T.(2014, mar). Single-molecule detection and tracking in plants. Protoplasma, 277--291, Retrieved from: http://dx.doi.org/10.1007/s00709-013-0601-0
Weber Michael, Mickoleit Michaela, Huisken Jan;Huisken Lab, Max Planck Institute of Molecular Cell Biology and Genetics;Weber, M., Mickoleit, M., & Huisken, J.(2014). Multilayer mounting for long-term light sheet microscopy of\nzebrafish. J. Vis. Exp., e51119, 10.3791/51119. Retrieved from: http://dx.doi.org/10.3791/51119
Swoger Jim, Verveer Peter,...and Stelzer Ernst H K;Max Planck Inst Mol Physiol, Dept Systemat Cell Biol, Germany;Swoger, J., Verveer, P., & Greger, K. et al.(2007). Multi-view image fusion improves resolution in\nthree-dimensional microscopy. Opt. Express, 8029--8042, Retrieved from: http://www.ncbi.nlm.nih.gov/pubmed/19547131
Baker R P, Taormina M J,...and Parthasarathy R;Department of Physics, Materials Science Institute and Institute of Molecular Biology, The University of Oregon, Eugene, Oregon, U;Baker, R., Taormina, M., & Jemielita, M. et al.(2015, may). A combined light sheet fluorescence and differential\ninterference contrast microscope for live imaging of\nmulticellular specimens. J. Microsc., 105--112, 10.1111/jmi.12220. Retrieved from: http://dx.doi.org/10.1111/jmi.12220
Regmi Raju, Mohan Kavya, Mondal Partha P;Nanobioimaging Laboratory, Department of Instrumentation and Applied Physics, Indian Institute of Science, Bangalore, India;Regmi, R., Mohan, K., & Mondal, P.(2013, nov). {MRT} letter: light sheet based imaging flow cytometry on a\nmicrofluidic platform. Microsc. Res. Tech., 1101--1107, Retrieved from: http://dx.doi.org/10.1002/jemt.22296
Hu Ying S, Zimmerley Maxwell,...and Cang Hu;Waitt Advanced Biophotonics Center, Salk Institute for Biological Studies;Hu, Y., Zimmerley, M., & Li, Y. et al.(2014). Single-molecule super-resolution light-sheet microscopy. Chemphyschem, 577--586, Retrieved from: http://dx.doi.org/10.1002/cphc.201300732
Zong Weijian, Zhao Jia,...and Chen Liangyi; Institute of Molecular Medicine, Beijing Key Laboratory of Cardiometabolic Molecular Medicine, Institute of Molecular Medicine, Peking-Tsinghua Center for Life Sciences, Peking University, Institute of Basic Medical Sciences, China;Zong, W., Zhao, J., & Chen, X. et al.(2015, feb). Large-field high-resolution two-photon digital scanned\nlight-sheet microscopy. Cell Res., 254--257, 10.1038/cr.2014.124. Retrieved from: http://dx.doi.org/10.1038/cr.2014.124
